/*******************************************************************************
 * Size: 34 px
 * Bpp: 4
 * Opts: --bpp 4 --size 34 --font C:/HMI_REV03/Squareline/ActiveScreen/assets/SourceSans3-SemiBold.ttf -o C:/HMI_REV03/Squareline/ActiveScreen/assets\ui_font_sans34.c --format lvgl -r 0x20-0x7f --symbols 123456789° --no-compress --no-prefilter
 ******************************************************************************/

#include "../ui.h"

#ifndef UI_FONT_SANS34
#define UI_FONT_SANS34 1
#endif

#if UI_FONT_SANS34

/*-----------------
 *    BITMAPS
 *----------------*/

/*Store the image of the glyphs*/
static LV_ATTRIBUTE_LARGE_CONST const uint8_t glyph_bitmap[] = {
    /* U+0020 " " */

    /* U+0021 "!" */
    0x9, 0xff, 0xf5, 0x8, 0xff, 0xf4, 0x8, 0xff,
    0xf4, 0x8, 0xff, 0xf3, 0x7, 0xff, 0xf2, 0x6,
    0xff, 0xf2, 0x6, 0xff, 0xf1, 0x5, 0xff, 0xf0,
    0x4, 0xff, 0xf0, 0x3, 0xff, 0xe0, 0x2, 0xff,
    0xe0, 0x2, 0xff, 0xd0, 0x1, 0xff, 0xc0, 0x0,
    0xff, 0xb0, 0x0, 0xff, 0xb0, 0x0, 0x56, 0x40,
    0x0, 0x0, 0x0, 0x0, 0x13, 0x0, 0x6, 0xff,
    0xe3, 0xf, 0xff, 0xfb, 0x2f, 0xff, 0xfd, 0xe,
    0xff, 0xfa, 0x3, 0xdf, 0xb1,

    /* U+0022 "\"" */
    0x5f, 0xff, 0xa0, 0x4, 0xff, 0xfb, 0x4f, 0xff,
    0x90, 0x4, 0xff, 0xfa, 0x4f, 0xff, 0x90, 0x3,
    0xff, 0xfa, 0x3f, 0xff, 0x90, 0x2, 0xff, 0xf9,
    0x2f, 0xff, 0x70, 0x1, 0xff, 0xf8, 0xf, 0xff,
    0x50, 0x0, 0xff, 0xf6, 0xe, 0xff, 0x30, 0x0,
    0xdf, 0xf4, 0xc, 0xff, 0x10, 0x0, 0xbf, 0xf2,
    0xa, 0xff, 0x0, 0x0, 0x9f, 0xf0, 0x8, 0xfd,
    0x0, 0x0, 0x7f, 0xe0,

    /* U+0023 "#" */
    0x0, 0x0, 0x7f, 0xf3, 0x0, 0x2f, 0xf8, 0x0,
    0x0, 0x0, 0xaf, 0xf1, 0x0, 0x5f, 0xf6, 0x0,
    0x0, 0x0, 0xcf, 0xe0, 0x0, 0x7f, 0xf3, 0x0,
    0x0, 0x0, 0xff, 0xc0, 0x0, 0xaf, 0xf1, 0x0,
    0x0, 0x1, 0xff, 0x90, 0x0, 0xcf, 0xe0, 0x0,
    0x3f, 0xff, 0xff, 0xff, 0xff, 0xff, 0xff, 0xf8,
    0x3f, 0xff, 0xff, 0xff, 0xff, 0xff, 0xff, 0xf8,
    0x3e, 0xef, 0xff, 0xee, 0xee, 0xff, 0xfe, 0xe7,
    0x0, 0x9, 0xff, 0x20, 0x4, 0xff, 0x70, 0x0,
    0x0, 0xb, 0xff, 0x0, 0x5, 0xff, 0x50, 0x0,
    0x0, 0xc, 0xfe, 0x0, 0x7, 0xff, 0x40, 0x0,
    0x0, 0xe, 0xfd, 0x0, 0x9, 0xff, 0x20, 0x0,
    0x0, 0xf, 0xfb, 0x0, 0xa, 0xff, 0x0, 0x0,
    0xef, 0xff, 0xff, 0xff, 0xff, 0xff, 0xff, 0xd0,
    0xef, 0xff, 0xff, 0xff, 0xff, 0xff, 0xff, 0xd0,
    0xde, 0xff, 0xff, 0xee, 0xef, 0xff, 0xee, 0xc0,
    0x0, 0x6f, 0xf5, 0x0, 0x1f, 0xf9, 0x0, 0x0,
    0x0, 0x8f, 0xf2, 0x0, 0x3f, 0xf7, 0x0, 0x0,
    0x0, 0xaf, 0xf0, 0x0, 0x5f, 0xf5, 0x0, 0x0,
    0x0, 0xdf, 0xe0, 0x0, 0x7f, 0xf3, 0x0, 0x0,
    0x0, 0xff, 0xc0, 0x0, 0xaf, 0xf1, 0x0, 0x0,
    0x1, 0xff, 0xa0, 0x0, 0xcf, 0xf0, 0x0, 0x0,

    /* U+0024 "$" */
    0x0, 0x0, 0x0, 0x48, 0x81, 0x0, 0x0, 0x0,
    0x0, 0x0, 0x9, 0xff, 0x20, 0x0, 0x0, 0x0,
    0x0, 0x0, 0x9f, 0xf2, 0x0, 0x0, 0x0, 0x0,
    0x0, 0x9, 0xff, 0x20, 0x0, 0x0, 0x0, 0x0,
    0x4a, 0xff, 0xfe, 0xa3, 0x0, 0x0, 0x0, 0xaf,
    0xff, 0xff, 0xff, 0xfa, 0x0, 0x0, 0x9f, 0xff,
    0xff, 0xff, 0xff, 0xfc, 0x0, 0x2f, 0xff, 0xf7,
    0x32, 0x5b, 0xff, 0x50, 0x7, 0xff, 0xf7, 0x0,
    0x0, 0x5, 0x60, 0x0, 0x9f, 0xff, 0x30, 0x0,
    0x0, 0x0, 0x0, 0x9, 0xff, 0xf4, 0x0, 0x0,
    0x0, 0x0, 0x0, 0x6f, 0xff, 0xd1, 0x0, 0x0,
    0x0, 0x0, 0x0, 0xef, 0xff, 0xf6, 0x0, 0x0,
    0x0, 0x0, 0x3, 0xef, 0xff, 0xfe, 0x60, 0x0,
    0x0, 0x0, 0x2, 0xcf, 0xff, 0xff, 0xd3, 0x0,
    0x0, 0x0, 0x0, 0x6e, 0xff, 0xff, 0xf7, 0x0,
    0x0, 0x0, 0x0, 0x7, 0xff, 0xff, 0xf6, 0x0,
    0x0, 0x0, 0x0, 0x1, 0xbf, 0xff, 0xf0, 0x0,
    0x0, 0x0, 0x0, 0x0, 0xcf, 0xff, 0x40, 0x0,
    0x0, 0x0, 0x0, 0x6, 0xff, 0xf6, 0x0, 0x0,
    0x0, 0x0, 0x0, 0x7f, 0xff, 0x50, 0x3d, 0x40,
    0x0, 0x0, 0xc, 0xff, 0xf2, 0xd, 0xff, 0xc6,
    0x33, 0x5b, 0xff, 0xfc, 0x3, 0xff, 0xff, 0xff,
    0xff, 0xff, 0xff, 0x30, 0x2, 0xbf, 0xff, 0xff,
    0xff, 0xfe, 0x40, 0x0, 0x0, 0x39, 0xdf, 0xff,
    0xc7, 0x0, 0x0, 0x0, 0x0, 0x0, 0x9f, 0xf2,
    0x0, 0x0, 0x0, 0x0, 0x0, 0x9, 0xff, 0x20,
    0x0, 0x0, 0x0, 0x0, 0x0, 0x9f, 0xf2, 0x0,
    0x0, 0x0, 0x0, 0x0, 0x4, 0x88, 0x10, 0x0,
    0x0,

    /* U+0025 "%" */
    0x0, 0x3a, 0xef, 0xd8, 0x0, 0x0, 0x0, 0x0,
    0x2, 0xff, 0x40, 0x0, 0x0, 0x0, 0x4f, 0xff,
    0xff, 0xfd, 0x10, 0x0, 0x0, 0x0, 0xaf, 0xb0,
    0x0, 0x0, 0x0, 0x1f, 0xff, 0x74, 0xaf, 0xfb,
    0x0, 0x0, 0x0, 0x3f, 0xf3, 0x0, 0x0, 0x0,
    0x8, 0xff, 0x60, 0x0, 0xcf, 0xf2, 0x0, 0x0,
    0xc, 0xfa, 0x0, 0x0, 0x0, 0x0, 0xcf, 0xf0,
    0x0, 0x6, 0xff, 0x70, 0x0, 0x5, 0xff, 0x10,
    0x0, 0x0, 0x0, 0xf, 0xfe, 0x0, 0x0, 0x3f,
    0xf9, 0x0, 0x0, 0xdf, 0x80, 0x0, 0x0, 0x0,
    0x0, 0xff, 0xd0, 0x0, 0x3, 0xff, 0x90, 0x0,
    0x6f, 0xe0, 0x0, 0x0, 0x0, 0x0, 0xe, 0xfe,
    0x0, 0x0, 0x3f, 0xf9, 0x0, 0xe, 0xf6, 0x0,
    0x0, 0x0, 0x0, 0x0, 0xcf, 0xf1, 0x0, 0x6,
    0xff, 0x60, 0x8, 0xfd, 0x0, 0x2a, 0xef, 0xd7,
    0x0, 0x7, 0xff, 0x70, 0x0, 0xcf, 0xf2, 0x1,
    0xff, 0x50, 0x4f, 0xff, 0xff, 0xfc, 0x0, 0x1f,
    0xff, 0x74, 0xaf, 0xfa, 0x0, 0x9f, 0xc0, 0x1e,
    0xff, 0x74, 0xbf, 0xf8, 0x0, 0x4f, 0xff, 0xff,
    0xfd, 0x10, 0x2f, 0xf3, 0x7, 0xff, 0x70, 0x0,
    0xdf, 0xf0, 0x0, 0x2a, 0xef, 0xd8, 0x0, 0xb,
    0xfa, 0x0, 0xcf, 0xf0, 0x0, 0x8, 0xff, 0x50,
    0x0, 0x0, 0x0, 0x0, 0x4, 0xff, 0x20, 0xf,
    0xfd, 0x0, 0x0, 0x5f, 0xf7, 0x0, 0x0, 0x0,
    0x0, 0x0, 0xdf, 0x90, 0x0, 0xff, 0xc0, 0x0,
    0x4, 0xff, 0x90, 0x0, 0x0, 0x0, 0x0, 0x6f,
    0xf1, 0x0, 0xf, 0xfc, 0x0, 0x0, 0x4f, 0xf8,
    0x0, 0x0, 0x0, 0x0, 0xe, 0xf7, 0x0, 0x0,
    0xef, 0xd0, 0x0, 0x5, 0xff, 0x70, 0x0, 0x0,
    0x0, 0x7, 0xfe, 0x0, 0x0, 0xc, 0xff, 0x10,
    0x0, 0x8f, 0xf4, 0x0, 0x0, 0x0, 0x1, 0xff,
    0x60, 0x0, 0x0, 0x7f, 0xf7, 0x0, 0xe, 0xff,
    0x0, 0x0, 0x0, 0x0, 0x9f, 0xd0, 0x0, 0x0,
    0x0, 0xef, 0xf7, 0x4b, 0xff, 0x80, 0x0, 0x0,
    0x0, 0x2f, 0xf4, 0x0, 0x0, 0x0, 0x4, 0xff,
    0xff, 0xff, 0xb0, 0x0, 0x0, 0x0, 0xb, 0xfb,
    0x0, 0x0, 0x0, 0x0, 0x2, 0xae, 0xfd, 0x70,
    0x0,

    /* U+0026 "&" */
    0x0, 0x0, 0x0, 0x4b, 0xef, 0xea, 0x20, 0x0,
    0x0, 0x0, 0x0, 0x0, 0x0, 0x9, 0xff, 0xff,
    0xff, 0xf3, 0x0, 0x0, 0x0, 0x0, 0x0, 0x0,
    0x6f, 0xff, 0xda, 0xef, 0xfd, 0x0, 0x0, 0x0,
    0x0, 0x0, 0x0, 0xef, 0xfa, 0x0, 0x1f, 0xff,
    0x30, 0x0, 0x0, 0x0, 0x0, 0x2, 0xff, 0xf3,
    0x0, 0xc, 0xff, 0x40, 0x0, 0x0, 0x0, 0x0,
    0x3, 0xff, 0xf1, 0x0, 0xe, 0xff, 0x20, 0x0,
    0x0, 0x0, 0x0, 0x1, 0xff, 0xf3, 0x0, 0x8f,
    0xfd, 0x0, 0x0, 0x0, 0x0, 0x0, 0x0, 0xdf,
    0xf8, 0x9, 0xff, 0xf3, 0x0, 0x0, 0x0, 0x0,
    0x0, 0x0, 0x8f, 0xff, 0xdf, 0xff, 0x50, 0x0,
    0x0, 0x0, 0x0, 0x0, 0x0, 0x1f, 0xff, 0xff,
    0xd3, 0x0, 0x0, 0x1, 0x11, 0x10, 0x0, 0x0,
    0x8f, 0xff, 0xfb, 0x0, 0x0, 0x0, 0xd, 0xff,
    0xb0, 0x0, 0xb, 0xff, 0xff, 0xff, 0x30, 0x0,
    0x0, 0x3f, 0xff, 0x60, 0x0, 0xcf, 0xff, 0xbf,
    0xff, 0xe3, 0x0, 0x0, 0xaf, 0xff, 0x0, 0x6,
    0xff, 0xfa, 0x6, 0xff, 0xfe, 0x30, 0x2, 0xff,
    0xf8, 0x0, 0xd, 0xff, 0xe0, 0x0, 0x8f, 0xff,
    0xf5, 0xc, 0xff, 0xe1, 0x0, 0xf, 0xff, 0xb0,
    0x0, 0x8, 0xff, 0xff, 0xcf, 0xff, 0x60, 0x0,
    0xf, 0xff, 0xc0, 0x0, 0x0, 0x7f, 0xff, 0xff,
    0xfb, 0x0, 0x0, 0xd, 0xff, 0xf4, 0x0, 0x0,
    0x6, 0xff, 0xff, 0xfa, 0x20, 0x0, 0x8, 0xff,
    0xff, 0x71, 0x1, 0x6d, 0xff, 0xff, 0xff, 0xfb,
    0x50, 0x0, 0xdf, 0xff, 0xff, 0xff, 0xff, 0xff,
    0xef, 0xff, 0xff, 0xe0, 0x0, 0x1b, 0xff, 0xff,
    0xff, 0xff, 0xf9, 0x2, 0xaf, 0xff, 0x90, 0x0,
    0x0, 0x4a, 0xdf, 0xfe, 0xc8, 0x20, 0x0, 0x2,
    0x8d, 0x40,

    /* U+0027 "'" */
    0x5f, 0xff, 0xa4, 0xff, 0xf9, 0x4f, 0xff, 0x93,
    0xff, 0xf9, 0x2f, 0xff, 0x70, 0xff, 0xf5, 0xe,
    0xff, 0x30, 0xcf, 0xf1, 0xa, 0xff, 0x0, 0x8f,
    0xd0,

    /* U+0028 "(" */
    0x0, 0x0, 0x19, 0x20, 0x0, 0x0, 0xaf, 0xf5,
    0x0, 0x2, 0xff, 0xd0, 0x0, 0xa, 0xff, 0x50,
    0x0, 0x1f, 0xfe, 0x0, 0x0, 0x8f, 0xf8, 0x0,
    0x0, 0xdf, 0xf3, 0x0, 0x3, 0xff, 0xe0, 0x0,
    0x8, 0xff, 0xa0, 0x0, 0xb, 0xff, 0x60, 0x0,
    0xf, 0xff, 0x40, 0x0, 0x1f, 0xff, 0x10, 0x0,
    0x3f, 0xff, 0x0, 0x0, 0x4f, 0xfe, 0x0, 0x0,
    0x5f, 0xfd, 0x0, 0x0, 0x6f, 0xfd, 0x0, 0x0,
    0x5f, 0xfd, 0x0, 0x0, 0x5f, 0xfe, 0x0, 0x0,
    0x3f, 0xff, 0x0, 0x0, 0x2f, 0xff, 0x10, 0x0,
    0xf, 0xff, 0x30, 0x0, 0xc, 0xff, 0x60, 0x0,
    0x9, 0xff, 0x90, 0x0, 0x4, 0xff, 0xd0, 0x0,
    0x0, 0xef, 0xf2, 0x0, 0x0, 0x9f, 0xf7, 0x0,
    0x0, 0x3f, 0xfd, 0x0, 0x0, 0xc, 0xff, 0x40,
    0x0, 0x4, 0xff, 0xc0, 0x0, 0x0, 0xcf, 0xf4,
    0x0, 0x0, 0x3d, 0x60, 0x0, 0x0, 0x0, 0x0,

    /* U+0029 ")" */
    0x2, 0x91, 0x0, 0x0, 0x4f, 0xfa, 0x0, 0x0,
    0xd, 0xff, 0x30, 0x0, 0x5, 0xff, 0xa0, 0x0,
    0x0, 0xef, 0xf2, 0x0, 0x0, 0x8f, 0xf8, 0x0,
    0x0, 0x2f, 0xfe, 0x0, 0x0, 0xe, 0xff, 0x30,
    0x0, 0xa, 0xff, 0x80, 0x0, 0x6, 0xff, 0xc0,
    0x0, 0x3, 0xff, 0xf0, 0x0, 0x1, 0xff, 0xf1,
    0x0, 0x0, 0xff, 0xf3, 0x0, 0x0, 0xef, 0xf5,
    0x0, 0x0, 0xdf, 0xf5, 0x0, 0x0, 0xcf, 0xf6,
    0x0, 0x0, 0xdf, 0xf5, 0x0, 0x0, 0xdf, 0xf5,
    0x0, 0x0, 0xff, 0xf4, 0x0, 0x0, 0xff, 0xf2,
    0x0, 0x3, 0xff, 0xf0, 0x0, 0x6, 0xff, 0xd0,
    0x0, 0x9, 0xff, 0x90, 0x0, 0xd, 0xff, 0x50,
    0x0, 0x1f, 0xff, 0x0, 0x0, 0x7f, 0xfa, 0x0,
    0x0, 0xdf, 0xf3, 0x0, 0x4, 0xff, 0xc0, 0x0,
    0xb, 0xff, 0x40, 0x0, 0x4f, 0xfc, 0x0, 0x0,
    0x6, 0xd3, 0x0, 0x0, 0x0, 0x0, 0x0, 0x0,

    /* U+002A "*" */
    0x0, 0x0, 0xb, 0xf8, 0x0, 0x0, 0x0, 0x0,
    0x0, 0xcf, 0xa0, 0x0, 0x0, 0x0, 0x0, 0xe,
    0xfb, 0x0, 0x0, 0x0, 0xdc, 0x84, 0xff, 0xd5,
    0x8c, 0xc0, 0x3f, 0xff, 0xff, 0xff, 0xff, 0xff,
    0x10, 0x6d, 0xff, 0xff, 0xff, 0xfc, 0x50, 0x0,
    0x4, 0xff, 0xff, 0xf3, 0x0, 0x0, 0x0, 0x7f,
    0xff, 0xff, 0x50, 0x0, 0x0, 0x2f, 0xff, 0x6f,
    0xfe, 0x0, 0x0, 0xa, 0xff, 0x40, 0x5f, 0xf8,
    0x0, 0x0, 0x2c, 0x60, 0x0, 0x8b, 0x10, 0x0,
    0x0, 0x0, 0x0, 0x0, 0x0, 0x0,

    /* U+002B "+" */
    0x0, 0x0, 0x0, 0x79, 0x92, 0x0, 0x0, 0x0,
    0x0, 0x0, 0x0, 0xcf, 0xf3, 0x0, 0x0, 0x0,
    0x0, 0x0, 0x0, 0xcf, 0xf3, 0x0, 0x0, 0x0,
    0x0, 0x0, 0x0, 0xcf, 0xf3, 0x0, 0x0, 0x0,
    0x0, 0x0, 0x0, 0xcf, 0xf3, 0x0, 0x0, 0x0,
    0x0, 0x0, 0x0, 0xcf, 0xf3, 0x0, 0x0, 0x0,
    0x0, 0x0, 0x0, 0xcf, 0xf3, 0x0, 0x0, 0x0,
    0xdf, 0xff, 0xff, 0xff, 0xff, 0xff, 0xff, 0xf4,
    0xdf, 0xff, 0xff, 0xff, 0xff, 0xff, 0xff, 0xf4,
    0xbd, 0xdd, 0xdd, 0xff, 0xfd, 0xdd, 0xdd, 0xd3,
    0x0, 0x0, 0x0, 0xcf, 0xf3, 0x0, 0x0, 0x0,
    0x0, 0x0, 0x0, 0xcf, 0xf3, 0x0, 0x0, 0x0,
    0x0, 0x0, 0x0, 0xcf, 0xf3, 0x0, 0x0, 0x0,
    0x0, 0x0, 0x0, 0xcf, 0xf3, 0x0, 0x0, 0x0,
    0x0, 0x0, 0x0, 0xcf, 0xf3, 0x0, 0x0, 0x0,
    0x0, 0x0, 0x0, 0xcf, 0xf3, 0x0, 0x0, 0x0,

    /* U+002C "," */
    0x0, 0x7c, 0xb3, 0x0, 0x8f, 0xff, 0xf2, 0xc,
    0xff, 0xff, 0x80, 0x9f, 0xff, 0xfb, 0x1, 0xbf,
    0xff, 0xb0, 0x0, 0xf, 0xfa, 0x0, 0x5, 0xff,
    0x60, 0x2, 0xef, 0xe0, 0x5, 0xef, 0xf5, 0x3,
    0xff, 0xf7, 0x0, 0xd, 0xc3, 0x0, 0x0, 0x10,
    0x0, 0x0,

    /* U+002D "-" */
    0x7d, 0xdd, 0xdd, 0xdd, 0x69, 0xff, 0xff, 0xff,
    0xf8, 0x9f, 0xff, 0xff, 0xff, 0x80,

    /* U+002E "." */
    0x0, 0x31, 0x0, 0x2e, 0xff, 0x70, 0xbf, 0xff,
    0xf1, 0xdf, 0xff, 0xf2, 0x9f, 0xff, 0xe0, 0xa,
    0xfd, 0x30,

    /* U+002F "/" */
    0x0, 0x0, 0x0, 0x0, 0xcf, 0xd0, 0x0, 0x0,
    0x0, 0x1f, 0xf9, 0x0, 0x0, 0x0, 0x5, 0xff,
    0x50, 0x0, 0x0, 0x0, 0x9f, 0xf0, 0x0, 0x0,
    0x0, 0xe, 0xfc, 0x0, 0x0, 0x0, 0x2, 0xff,
    0x80, 0x0, 0x0, 0x0, 0x6f, 0xf3, 0x0, 0x0,
    0x0, 0xa, 0xff, 0x0, 0x0, 0x0, 0x0, 0xff,
    0xb0, 0x0, 0x0, 0x0, 0x3f, 0xf6, 0x0, 0x0,
    0x0, 0x7, 0xff, 0x20, 0x0, 0x0, 0x0, 0xcf,
    0xe0, 0x0, 0x0, 0x0, 0xf, 0xfa, 0x0, 0x0,
    0x0, 0x4, 0xff, 0x50, 0x0, 0x0, 0x0, 0x9f,
    0xf1, 0x0, 0x0, 0x0, 0xd, 0xfd, 0x0, 0x0,
    0x0, 0x1, 0xff, 0x80, 0x0, 0x0, 0x0, 0x5f,
    0xf4, 0x0, 0x0, 0x0, 0xa, 0xff, 0x0, 0x0,
    0x0, 0x0, 0xef, 0xb0, 0x0, 0x0, 0x0, 0x2f,
    0xf7, 0x0, 0x0, 0x0, 0x7, 0xff, 0x30, 0x0,
    0x0, 0x0, 0xbf, 0xe0, 0x0, 0x0, 0x0, 0xf,
    0xfa, 0x0, 0x0, 0x0, 0x4, 0xff, 0x60, 0x0,
    0x0, 0x0, 0x8f, 0xf2, 0x0, 0x0, 0x0, 0xc,
    0xfd, 0x0, 0x0, 0x0, 0x1, 0xff, 0x90, 0x0,
    0x0, 0x0, 0x5f, 0xf5, 0x0, 0x0, 0x0, 0x4,
    0x88, 0x10, 0x0, 0x0, 0x0,

    /* U+0030 "0" */
    0x0, 0x0, 0x3a, 0xef, 0xfc, 0x60, 0x0, 0x0,
    0x0, 0x7, 0xff, 0xff, 0xff, 0xfc, 0x10, 0x0,
    0x0, 0x6f, 0xff, 0xff, 0xff, 0xff, 0xc0, 0x0,
    0x2, 0xff, 0xfe, 0x51, 0x2b, 0xff, 0xf8, 0x0,
    0x9, 0xff, 0xf4, 0x0, 0x0, 0xdf, 0xff, 0x0,
    0xe, 0xff, 0xc0, 0x0, 0x0, 0x6f, 0xff, 0x50,
    0x3f, 0xff, 0x80, 0x0, 0x0, 0x1f, 0xff, 0x90,
    0x6f, 0xff, 0x40, 0x0, 0x0, 0xe, 0xff, 0xc0,
    0x8f, 0xff, 0x30, 0x0, 0x0, 0xc, 0xff, 0xe0,
    0x9f, 0xff, 0x20, 0x0, 0x0, 0xb, 0xff, 0xf0,
    0xaf, 0xff, 0x10, 0x0, 0x0, 0xb, 0xff, 0xf0,
    0xaf, 0xff, 0x10, 0x0, 0x0, 0xb, 0xff, 0xf0,
    0x9f, 0xff, 0x20, 0x0, 0x0, 0xb, 0xff, 0xf0,
    0x8f, 0xff, 0x30, 0x0, 0x0, 0xc, 0xff, 0xe0,
    0x5f, 0xff, 0x50, 0x0, 0x0, 0xe, 0xff, 0xc0,
    0x2f, 0xff, 0x80, 0x0, 0x0, 0x1f, 0xff, 0x90,
    0xe, 0xff, 0xd0, 0x0, 0x0, 0x6f, 0xff, 0x40,
    0x8, 0xff, 0xf5, 0x0, 0x0, 0xdf, 0xfe, 0x0,
    0x1, 0xff, 0xff, 0x61, 0x3b, 0xff, 0xf7, 0x0,
    0x0, 0x5f, 0xff, 0xff, 0xff, 0xff, 0xc0, 0x0,
    0x0, 0x7, 0xff, 0xff, 0xff, 0xfc, 0x10, 0x0,
    0x0, 0x0, 0x2a, 0xef, 0xfc, 0x60, 0x0, 0x0,

    /* U+0031 "1" */
    0x0, 0x0, 0x1, 0x78, 0x82, 0x0, 0x0, 0x0,
    0x15, 0xaf, 0xff, 0xf4, 0x0, 0x0, 0x9, 0xff,
    0xff, 0xff, 0xf4, 0x0, 0x0, 0xa, 0xff, 0xff,
    0xff, 0xf4, 0x0, 0x0, 0x5, 0x88, 0x8d, 0xff,
    0xf4, 0x0, 0x0, 0x0, 0x0, 0xa, 0xff, 0xf4,
    0x0, 0x0, 0x0, 0x0, 0xa, 0xff, 0xf4, 0x0,
    0x0, 0x0, 0x0, 0xa, 0xff, 0xf4, 0x0, 0x0,
    0x0, 0x0, 0xa, 0xff, 0xf4, 0x0, 0x0, 0x0,
    0x0, 0xa, 0xff, 0xf4, 0x0, 0x0, 0x0, 0x0,
    0xa, 0xff, 0xf4, 0x0, 0x0, 0x0, 0x0, 0xa,
    0xff, 0xf4, 0x0, 0x0, 0x0, 0x0, 0xa, 0xff,
    0xf4, 0x0, 0x0, 0x0, 0x0, 0xa, 0xff, 0xf4,
    0x0, 0x0, 0x0, 0x0, 0xa, 0xff, 0xf4, 0x0,
    0x0, 0x0, 0x0, 0xa, 0xff, 0xf4, 0x0, 0x0,
    0x0, 0x0, 0xa, 0xff, 0xf4, 0x0, 0x0, 0x0,
    0x0, 0xa, 0xff, 0xf4, 0x0, 0x0, 0x12, 0x22,
    0x2b, 0xff, 0xf6, 0x22, 0x21, 0x7f, 0xff, 0xff,
    0xff, 0xff, 0xff, 0xf8, 0x7f, 0xff, 0xff, 0xff,
    0xff, 0xff, 0xf8, 0x7f, 0xff, 0xff, 0xff, 0xff,
    0xff, 0xf8,

    /* U+0032 "2" */
    0x0, 0x3, 0x9d, 0xff, 0xda, 0x30, 0x0, 0x0,
    0x9, 0xff, 0xff, 0xff, 0xff, 0x90, 0x0, 0x1c,
    0xff, 0xff, 0xff, 0xff, 0xff, 0x90, 0x8, 0xff,
    0xfa, 0x31, 0x39, 0xff, 0xff, 0x30, 0xb, 0xf5,
    0x0, 0x0, 0x8, 0xff, 0xf9, 0x0, 0x3, 0x0,
    0x0, 0x0, 0x1f, 0xff, 0xc0, 0x0, 0x0, 0x0,
    0x0, 0x0, 0xff, 0xfd, 0x0, 0x0, 0x0, 0x0,
    0x0, 0xf, 0xff, 0xc0, 0x0, 0x0, 0x0, 0x0,
    0x3, 0xff, 0xf9, 0x0, 0x0, 0x0, 0x0, 0x0,
    0xaf, 0xff, 0x40, 0x0, 0x0, 0x0, 0x0, 0x4f,
    0xff, 0xc0, 0x0, 0x0, 0x0, 0x0, 0x1e, 0xff,
    0xf3, 0x0, 0x0, 0x0, 0x0, 0xb, 0xff, 0xf7,
    0x0, 0x0, 0x0, 0x0, 0x9, 0xff, 0xfb, 0x0,
    0x0, 0x0, 0x0, 0x8, 0xff, 0xfc, 0x0, 0x0,
    0x0, 0x0, 0x7, 0xff, 0xfd, 0x10, 0x0, 0x0,
    0x0, 0x7, 0xff, 0xfe, 0x10, 0x0, 0x0, 0x0,
    0x8, 0xff, 0xfe, 0x20, 0x0, 0x0, 0x0, 0x8,
    0xff, 0xff, 0x53, 0x44, 0x44, 0x44, 0x38, 0xff,
    0xff, 0xff, 0xff, 0xff, 0xff, 0xfe, 0xbf, 0xff,
    0xff, 0xff, 0xff, 0xff, 0xff, 0xeb, 0xff, 0xff,
    0xff, 0xff, 0xff, 0xff, 0xfe,

    /* U+0033 "3" */
    0x0, 0x0, 0x39, 0xdf, 0xfe, 0xb6, 0x0, 0x0,
    0x0, 0x2b, 0xff, 0xff, 0xff, 0xff, 0xe3, 0x0,
    0x3, 0xff, 0xff, 0xff, 0xff, 0xff, 0xff, 0x20,
    0x0, 0xcf, 0xfa, 0x41, 0x26, 0xef, 0xff, 0xa0,
    0x0, 0x1c, 0x40, 0x0, 0x0, 0x4f, 0xff, 0xe0,
    0x0, 0x0, 0x0, 0x0, 0x0, 0xf, 0xff, 0xf0,
    0x0, 0x0, 0x0, 0x0, 0x0, 0xf, 0xff, 0xe0,
    0x0, 0x0, 0x0, 0x0, 0x0, 0x7f, 0xff, 0x90,
    0x0, 0x0, 0x0, 0x0, 0x39, 0xff, 0xfe, 0x10,
    0x0, 0x0, 0x7, 0xef, 0xff, 0xff, 0xb1, 0x0,
    0x0, 0x0, 0x9, 0xff, 0xff, 0xfa, 0x10, 0x0,
    0x0, 0x0, 0x9, 0xff, 0xff, 0xff, 0xf7, 0x0,
    0x0, 0x0, 0x0, 0x1, 0x38, 0xef, 0xff, 0x80,
    0x0, 0x0, 0x0, 0x0, 0x0, 0x1e, 0xff, 0xf3,
    0x0, 0x0, 0x0, 0x0, 0x0, 0x6, 0xff, 0xf9,
    0x0, 0x0, 0x0, 0x0, 0x0, 0x3, 0xff, 0xfb,
    0x0, 0x30, 0x0, 0x0, 0x0, 0x5, 0xff, 0xfb,
    0x2, 0xfc, 0x20, 0x0, 0x0, 0xd, 0xff, 0xf8,
    0xc, 0xff, 0xf9, 0x43, 0x36, 0xdf, 0xff, 0xf2,
    0xa, 0xff, 0xff, 0xff, 0xff, 0xff, 0xff, 0x60,
    0x0, 0x6e, 0xff, 0xff, 0xff, 0xff, 0xe5, 0x0,
    0x0, 0x0, 0x6b, 0xef, 0xfe, 0xb7, 0x10, 0x0,

    /* U+0034 "4" */
    0x0, 0x0, 0x0, 0x0, 0x7, 0x88, 0x86, 0x0,
    0x0, 0x0, 0x0, 0x0, 0x7, 0xff, 0xff, 0xd0,
    0x0, 0x0, 0x0, 0x0, 0x2, 0xff, 0xff, 0xfd,
    0x0, 0x0, 0x0, 0x0, 0x0, 0xcf, 0xff, 0xff,
    0xd0, 0x0, 0x0, 0x0, 0x0, 0x7f, 0xfe, 0xbf,
    0xfd, 0x0, 0x0, 0x0, 0x0, 0x2f, 0xff, 0x6b,
    0xff, 0xd0, 0x0, 0x0, 0x0, 0xc, 0xff, 0xd0,
    0xcf, 0xfd, 0x0, 0x0, 0x0, 0x7, 0xff, 0xf4,
    0xd, 0xff, 0xd0, 0x0, 0x0, 0x2, 0xff, 0xf9,
    0x0, 0xdf, 0xfd, 0x0, 0x0, 0x0, 0xcf, 0xfd,
    0x0, 0xd, 0xff, 0xd0, 0x0, 0x0, 0x7f, 0xff,
    0x30, 0x0, 0xdf, 0xfd, 0x0, 0x0, 0x2f, 0xff,
    0x80, 0x0, 0xd, 0xff, 0xd0, 0x0, 0xc, 0xff,
    0xc0, 0x0, 0x0, 0xdf, 0xfd, 0x0, 0x5, 0xff,
    0xff, 0xff, 0xff, 0xff, 0xff, 0xff, 0xf9, 0x6f,
    0xff, 0xff, 0xff, 0xff, 0xff, 0xff, 0xff, 0x96,
    0xff, 0xff, 0xff, 0xff, 0xff, 0xff, 0xff, 0xf9,
    0x0, 0x0, 0x0, 0x0, 0x0, 0xdf, 0xfd, 0x0,
    0x0, 0x0, 0x0, 0x0, 0x0, 0xd, 0xff, 0xd0,
    0x0, 0x0, 0x0, 0x0, 0x0, 0x0, 0xdf, 0xfd,
    0x0, 0x0, 0x0, 0x0, 0x0, 0x0, 0xd, 0xff,
    0xd0, 0x0, 0x0, 0x0, 0x0, 0x0, 0x0, 0xdf,
    0xfd, 0x0, 0x0, 0x0, 0x0, 0x0, 0x0, 0xd,
    0xff, 0xd0, 0x0,

    /* U+0035 "5" */
    0x0, 0xd, 0xff, 0xff, 0xff, 0xff, 0xff, 0xc0,
    0x0, 0xe, 0xff, 0xff, 0xff, 0xff, 0xff, 0xc0,
    0x0, 0xf, 0xff, 0xff, 0xff, 0xff, 0xff, 0xc0,
    0x0, 0xf, 0xff, 0xb4, 0x44, 0x44, 0x44, 0x30,
    0x0, 0x1f, 0xff, 0x70, 0x0, 0x0, 0x0, 0x0,
    0x0, 0x2f, 0xff, 0x60, 0x0, 0x0, 0x0, 0x0,
    0x0, 0x3f, 0xff, 0x50, 0x0, 0x0, 0x0, 0x0,
    0x0, 0x4f, 0xff, 0x40, 0x0, 0x0, 0x0, 0x0,
    0x0, 0x4f, 0xff, 0x9c, 0xff, 0xd9, 0x30, 0x0,
    0x0, 0x5f, 0xff, 0xff, 0xff, 0xff, 0xf9, 0x0,
    0x0, 0x6f, 0xff, 0xfd, 0xdf, 0xff, 0xff, 0x90,
    0x0, 0x7, 0xd6, 0x0, 0x1, 0xaf, 0xff, 0xf2,
    0x0, 0x0, 0x0, 0x0, 0x0, 0xb, 0xff, 0xf8,
    0x0, 0x0, 0x0, 0x0, 0x0, 0x4, 0xff, 0xfb,
    0x0, 0x0, 0x0, 0x0, 0x0, 0x2, 0xff, 0xfc,
    0x0, 0x0, 0x0, 0x0, 0x0, 0x3, 0xff, 0xfc,
    0x0, 0x20, 0x0, 0x0, 0x0, 0x7, 0xff, 0xf9,
    0x2, 0xeb, 0x10, 0x0, 0x0, 0x2f, 0xff, 0xf5,
    0xc, 0xff, 0xf9, 0x43, 0x38, 0xff, 0xff, 0xd0,
    0xa, 0xff, 0xff, 0xff, 0xff, 0xff, 0xfe, 0x20,
    0x0, 0x6e, 0xff, 0xff, 0xff, 0xff, 0xc2, 0x0,
    0x0, 0x0, 0x6b, 0xef, 0xfe, 0xa5, 0x0, 0x0,

    /* U+0036 "6" */
    0x0, 0x0, 0x2, 0x9d, 0xff, 0xea, 0x30, 0x0,
    0x0, 0x0, 0x9f, 0xff, 0xff, 0xff, 0xfa, 0x0,
    0x0, 0xa, 0xff, 0xff, 0xff, 0xff, 0xff, 0x80,
    0x0, 0x7f, 0xff, 0xf8, 0x43, 0x5c, 0xfb, 0x0,
    0x1, 0xff, 0xfe, 0x20, 0x0, 0x0, 0x60, 0x0,
    0x7, 0xff, 0xf5, 0x0, 0x0, 0x0, 0x0, 0x0,
    0xd, 0xff, 0xd0, 0x0, 0x0, 0x0, 0x0, 0x0,
    0x1f, 0xff, 0x90, 0x0, 0x0, 0x0, 0x0, 0x0,
    0x4f, 0xff, 0x50, 0x39, 0xdc, 0xa6, 0x0, 0x0,
    0x6f, 0xff, 0x4a, 0xff, 0xff, 0xff, 0xd2, 0x0,
    0x7f, 0xff, 0xdf, 0xff, 0xff, 0xff, 0xfe, 0x0,
    0x7f, 0xff, 0xfe, 0x61, 0x3, 0xdf, 0xff, 0x80,
    0x7f, 0xff, 0xe1, 0x0, 0x0, 0x1f, 0xff, 0xd0,
    0x6f, 0xff, 0x50, 0x0, 0x0, 0xa, 0xff, 0xf0,
    0x4f, 0xff, 0x50, 0x0, 0x0, 0x8, 0xff, 0xf2,
    0x1f, 0xff, 0x90, 0x0, 0x0, 0x8, 0xff, 0xf1,
    0xc, 0xff, 0xe0, 0x0, 0x0, 0xb, 0xff, 0xf0,
    0x6, 0xff, 0xf7, 0x0, 0x0, 0x2f, 0xff, 0xb0,
    0x0, 0xdf, 0xff, 0x71, 0x3, 0xdf, 0xff, 0x40,
    0x0, 0x3f, 0xff, 0xff, 0xff, 0xff, 0xf9, 0x0,
    0x0, 0x3, 0xef, 0xff, 0xff, 0xff, 0x90, 0x0,
    0x0, 0x0, 0x6, 0xcf, 0xfe, 0xa3, 0x0, 0x0,

    /* U+0037 "7" */
    0x24, 0x44, 0x44, 0x44, 0x44, 0x44, 0x44, 0x40,
    0x8f, 0xff, 0xff, 0xff, 0xff, 0xff, 0xff, 0xf0,
    0x8f, 0xff, 0xff, 0xff, 0xff, 0xff, 0xff, 0xf0,
    0x8f, 0xff, 0xff, 0xff, 0xff, 0xff, 0xff, 0xa0,
    0x0, 0x0, 0x0, 0x0, 0x0, 0x9f, 0xfd, 0x0,
    0x0, 0x0, 0x0, 0x0, 0x5, 0xff, 0xf3, 0x0,
    0x0, 0x0, 0x0, 0x0, 0x1e, 0xff, 0x70, 0x0,
    0x0, 0x0, 0x0, 0x0, 0x9f, 0xfd, 0x0, 0x0,
    0x0, 0x0, 0x0, 0x2, 0xff, 0xf4, 0x0, 0x0,
    0x0, 0x0, 0x0, 0xa, 0xff, 0xd0, 0x0, 0x0,
    0x0, 0x0, 0x0, 0x2f, 0xff, 0x60, 0x0, 0x0,
    0x0, 0x0, 0x0, 0x8f, 0xff, 0x0, 0x0, 0x0,
    0x0, 0x0, 0x0, 0xef, 0xfb, 0x0, 0x0, 0x0,
    0x0, 0x0, 0x3, 0xff, 0xf7, 0x0, 0x0, 0x0,
    0x0, 0x0, 0x8, 0xff, 0xf3, 0x0, 0x0, 0x0,
    0x0, 0x0, 0xc, 0xff, 0xf0, 0x0, 0x0, 0x0,
    0x0, 0x0, 0xf, 0xff, 0xe0, 0x0, 0x0, 0x0,
    0x0, 0x0, 0x1f, 0xff, 0xc0, 0x0, 0x0, 0x0,
    0x0, 0x0, 0x3f, 0xff, 0xa0, 0x0, 0x0, 0x0,
    0x0, 0x0, 0x5f, 0xff, 0x90, 0x0, 0x0, 0x0,
    0x0, 0x0, 0x7f, 0xff, 0x80, 0x0, 0x0, 0x0,
    0x0, 0x0, 0x8f, 0xff, 0x70, 0x0, 0x0, 0x0,

    /* U+0038 "8" */
    0x0, 0x0, 0x4a, 0xef, 0xfd, 0x92, 0x0, 0x0,
    0x0, 0xb, 0xff, 0xff, 0xff, 0xff, 0x60, 0x0,
    0x0, 0xbf, 0xff, 0xfc, 0xdf, 0xff, 0xf4, 0x0,
    0x4, 0xff, 0xfb, 0x10, 0x3, 0xef, 0xfc, 0x0,
    0x9, 0xff, 0xf1, 0x0, 0x0, 0x5f, 0xff, 0x10,
    0xa, 0xff, 0xd0, 0x0, 0x0, 0x1f, 0xff, 0x30,
    0x9, 0xff, 0xe0, 0x0, 0x0, 0x1f, 0xff, 0x20,
    0x5, 0xff, 0xf6, 0x0, 0x0, 0x4f, 0xfd, 0x0,
    0x0, 0xcf, 0xff, 0x80, 0x0, 0xcf, 0xf4, 0x0,
    0x0, 0x1d, 0xff, 0xfe, 0x89, 0xff, 0x80, 0x0,
    0x0, 0x1, 0xef, 0xff, 0xff, 0xf9, 0x0, 0x0,
    0x0, 0x1c, 0xff, 0xef, 0xff, 0xff, 0x80, 0x0,
    0x2, 0xef, 0xf5, 0x5, 0xcf, 0xff, 0xfa, 0x0,
    0xd, 0xff, 0x80, 0x0, 0x4, 0xef, 0xff, 0x50,
    0x5f, 0xff, 0x10, 0x0, 0x0, 0x2f, 0xff, 0xc0,
    0x8f, 0xfd, 0x0, 0x0, 0x0, 0xb, 0xff, 0xf0,
    0x9f, 0xfe, 0x0, 0x0, 0x0, 0xa, 0xff, 0xf0,
    0x6f, 0xff, 0x50, 0x0, 0x0, 0xe, 0xff, 0xe0,
    0x1f, 0xff, 0xf6, 0x0, 0x1, 0xbf, 0xff, 0x80,
    0x6, 0xff, 0xff, 0xec, 0xdf, 0xff, 0xfc, 0x0,
    0x0, 0x5f, 0xff, 0xff, 0xff, 0xff, 0xb1, 0x0,
    0x0, 0x1, 0x7b, 0xef, 0xfd, 0x93, 0x0, 0x0,

    /* U+0039 "9" */
    0x0, 0x1, 0x8d, 0xff, 0xd9, 0x20, 0x0, 0x0,
    0x6, 0xff, 0xff, 0xff, 0xff, 0x80, 0x0, 0x5,
    0xff, 0xff, 0xff, 0xff, 0xff, 0x80, 0x1, 0xef,
    0xff, 0x60, 0x4, 0xdf, 0xff, 0x40, 0x6f, 0xff,
    0x60, 0x0, 0x1, 0xef, 0xfc, 0xa, 0xff, 0xf0,
    0x0, 0x0, 0x7, 0xff, 0xf2, 0xbf, 0xfe, 0x0,
    0x0, 0x0, 0x2f, 0xff, 0x7b, 0xff, 0xe0, 0x0,
    0x0, 0x0, 0xff, 0xfa, 0x8f, 0xff, 0x30, 0x0,
    0x0, 0x5f, 0xff, 0xc4, 0xff, 0xfd, 0x30, 0x0,
    0x7f, 0xff, 0xfd, 0xc, 0xff, 0xff, 0xed, 0xff,
    0xfe, 0xff, 0xd0, 0x1c, 0xff, 0xff, 0xff, 0xf4,
    0xcf, 0xfd, 0x0, 0x6, 0xbe, 0xfe, 0x81, 0xd,
    0xff, 0xc0, 0x0, 0x0, 0x0, 0x0, 0x0, 0xff,
    0xfa, 0x0, 0x0, 0x0, 0x0, 0x0, 0x2f, 0xff,
    0x70, 0x0, 0x0, 0x0, 0x0, 0x7, 0xff, 0xf3,
    0x0, 0x0, 0x0, 0x0, 0x0, 0xef, 0xfd, 0x0,
    0x9, 0x30, 0x0, 0x0, 0xaf, 0xff, 0x60, 0x7,
    0xff, 0x94, 0x36, 0xdf, 0xff, 0xd0, 0x2, 0xff,
    0xff, 0xff, 0xff, 0xff, 0xe2, 0x0, 0x5, 0xef,
    0xff, 0xff, 0xff, 0xc2, 0x0, 0x0, 0x1, 0x7c,
    0xff, 0xeb, 0x50, 0x0, 0x0,

    /* U+003A ":" */
    0xa, 0xfd, 0x40, 0x9f, 0xff, 0xe0, 0xdf, 0xff,
    0xf2, 0xbf, 0xff, 0xf1, 0x2e, 0xff, 0x70, 0x0,
    0x42, 0x0, 0x0, 0x0, 0x0, 0x0, 0x0, 0x0,
    0x0, 0x0, 0x0, 0x0, 0x0, 0x0, 0x0, 0x0,
    0x0, 0x0, 0x31, 0x0, 0x2e, 0xff, 0x70, 0xbf,
    0xff, 0xf1, 0xdf, 0xff, 0xf2, 0x9f, 0xff, 0xe0,
    0xa, 0xfd, 0x30,

    /* U+003B ";" */
    0x0, 0xaf, 0xd4, 0x0, 0x9f, 0xff, 0xe0, 0xd,
    0xff, 0xff, 0x20, 0xbf, 0xff, 0xf1, 0x2, 0xef,
    0xf7, 0x0, 0x0, 0x42, 0x0, 0x0, 0x0, 0x0,
    0x0, 0x0, 0x0, 0x0, 0x0, 0x0, 0x0, 0x0,
    0x0, 0x0, 0x0, 0x0, 0x0, 0x0, 0x0, 0x0,
    0x0, 0x0, 0x0, 0x7c, 0xb3, 0x0, 0x8f, 0xff,
    0xf2, 0xc, 0xff, 0xff, 0x80, 0x9f, 0xff, 0xfb,
    0x1, 0xbf, 0xff, 0xb0, 0x0, 0xf, 0xfa, 0x0,
    0x5, 0xff, 0x60, 0x2, 0xef, 0xe0, 0x5, 0xef,
    0xf5, 0x3, 0xff, 0xf7, 0x0, 0xd, 0xc3, 0x0,
    0x0, 0x10, 0x0, 0x0,

    /* U+003C "<" */
    0x0, 0x0, 0x0, 0x0, 0x0, 0x0, 0x0, 0x21,
    0x0, 0x0, 0x0, 0x0, 0x0, 0x1, 0x6c, 0xf4,
    0x0, 0x0, 0x0, 0x0, 0x4, 0xaf, 0xff, 0xf4,
    0x0, 0x0, 0x0, 0x17, 0xdf, 0xff, 0xff, 0xf3,
    0x0, 0x0, 0x5b, 0xff, 0xff, 0xff, 0xc6, 0x10,
    0x2, 0x8e, 0xff, 0xff, 0xfd, 0x72, 0x0, 0x0,
    0xaf, 0xff, 0xff, 0xe8, 0x20, 0x0, 0x0, 0x0,
    0xdf, 0xff, 0xa3, 0x0, 0x0, 0x0, 0x0, 0x0,
    0xdf, 0xff, 0xfa, 0x40, 0x0, 0x0, 0x0, 0x0,
    0x4b, 0xff, 0xff, 0xfe, 0x94, 0x0, 0x0, 0x0,
    0x0, 0x17, 0xef, 0xff, 0xff, 0xe8, 0x30, 0x0,
    0x0, 0x0, 0x4, 0xaf, 0xff, 0xff, 0xfd, 0x81,
    0x0, 0x0, 0x0, 0x1, 0x6d, 0xff, 0xff, 0xf4,
    0x0, 0x0, 0x0, 0x0, 0x0, 0x39, 0xff, 0xf4,
    0x0, 0x0, 0x0, 0x0, 0x0, 0x0, 0x5, 0xb4,
    0x0, 0x0, 0x0, 0x0, 0x0, 0x0, 0x0, 0x0,

    /* U+003D "=" */
    0xdf, 0xff, 0xff, 0xff, 0xff, 0xff, 0xff, 0xf4,
    0xdf, 0xff, 0xff, 0xff, 0xff, 0xff, 0xff, 0xf4,
    0xbd, 0xdd, 0xdd, 0xdd, 0xdd, 0xdd, 0xdd, 0xd3,
    0x0, 0x0, 0x0, 0x0, 0x0, 0x0, 0x0, 0x0,
    0x0, 0x0, 0x0, 0x0, 0x0, 0x0, 0x0, 0x0,
    0x0, 0x0, 0x0, 0x0, 0x0, 0x0, 0x0, 0x0,
    0x0, 0x0, 0x0, 0x0, 0x0, 0x0, 0x0, 0x0,
    0xbd, 0xdd, 0xdd, 0xdd, 0xdd, 0xdd, 0xdd, 0xd3,
    0xdf, 0xff, 0xff, 0xff, 0xff, 0xff, 0xff, 0xf4,
    0xdf, 0xff, 0xff, 0xff, 0xff, 0xff, 0xff, 0xf4,

    /* U+003E ">" */
    0x40, 0x0, 0x0, 0x0, 0x0, 0x0, 0x0, 0x0,
    0xde, 0x93, 0x0, 0x0, 0x0, 0x0, 0x0, 0x0,
    0xdf, 0xff, 0xc6, 0x10, 0x0, 0x0, 0x0, 0x0,
    0xcf, 0xff, 0xff, 0xfa, 0x40, 0x0, 0x0, 0x0,
    0x4, 0x9f, 0xff, 0xff, 0xfd, 0x71, 0x0, 0x0,
    0x0, 0x0, 0x5a, 0xff, 0xff, 0xff, 0xb5, 0x0,
    0x0, 0x0, 0x0, 0x5, 0xbf, 0xff, 0xff, 0xe3,
    0x0, 0x0, 0x0, 0x0, 0x1, 0x6e, 0xff, 0xf4,
    0x0, 0x0, 0x0, 0x0, 0x28, 0xdf, 0xff, 0xf4,
    0x0, 0x0, 0x1, 0x7c, 0xff, 0xff, 0xfe, 0x81,
    0x0, 0x16, 0xcf, 0xff, 0xff, 0xfa, 0x40, 0x0,
    0x5b, 0xff, 0xff, 0xff, 0xd7, 0x10, 0x0, 0x0,
    0xdf, 0xff, 0xff, 0x93, 0x0, 0x0, 0x0, 0x0,
    0xdf, 0xfc, 0x50, 0x0, 0x0, 0x0, 0x0, 0x0,
    0xb8, 0x20, 0x0, 0x0, 0x0, 0x0, 0x0, 0x0,
    0x0, 0x0, 0x0, 0x0, 0x0, 0x0, 0x0, 0x0,

    /* U+003F "?" */
    0x0, 0x0, 0x1, 0x21, 0x0, 0x0, 0x0, 0x1,
    0x9e, 0xff, 0xff, 0x92, 0x0, 0x5, 0xff, 0xff,
    0xff, 0xff, 0xf3, 0x5, 0xff, 0xff, 0xff, 0xff,
    0xff, 0xe0, 0x1c, 0xfd, 0x50, 0x5, 0xff, 0xff,
    0x50, 0x7, 0x0, 0x0, 0x7, 0xff, 0xf8, 0x0,
    0x0, 0x0, 0x0, 0x3f, 0xff, 0x90, 0x0, 0x0,
    0x0, 0x5, 0xff, 0xf7, 0x0, 0x0, 0x0, 0x0,
    0xdf, 0xff, 0x20, 0x0, 0x0, 0x0, 0x9f, 0xff,
    0x80, 0x0, 0x0, 0x0, 0x7f, 0xff, 0xb0, 0x0,
    0x0, 0x0, 0x4f, 0xff, 0xd0, 0x0, 0x0, 0x0,
    0xe, 0xff, 0xe1, 0x0, 0x0, 0x0, 0x6, 0xff,
    0xf5, 0x0, 0x0, 0x0, 0x0, 0xaf, 0xfe, 0x0,
    0x0, 0x0, 0x0, 0xb, 0xff, 0xc0, 0x0, 0x0,
    0x0, 0x0, 0x46, 0x64, 0x0, 0x0, 0x0, 0x0,
    0x0, 0x0, 0x0, 0x0, 0x0, 0x0, 0x0, 0x2,
    0x30, 0x0, 0x0, 0x0, 0x0, 0xa, 0xff, 0xc0,
    0x0, 0x0, 0x0, 0x4, 0xff, 0xff, 0x70, 0x0,
    0x0, 0x0, 0x6f, 0xff, 0xf9, 0x0, 0x0, 0x0,
    0x2, 0xff, 0xff, 0x50, 0x0, 0x0, 0x0, 0x6,
    0xef, 0x80, 0x0, 0x0,

    /* U+0040 "@" */
    0x0, 0x0, 0x0, 0x0, 0x0, 0x27, 0xbe, 0xff,
    0xfd, 0xb6, 0x10, 0x0, 0x0, 0x0, 0x0, 0x0,
    0x0, 0x0, 0x4c, 0xff, 0xff, 0xff, 0xff, 0xff,
    0xf9, 0x10, 0x0, 0x0, 0x0, 0x0, 0x0, 0x1b,
    0xff, 0xff, 0xff, 0xfe, 0xff, 0xff, 0xff, 0xe3,
    0x0, 0x0, 0x0, 0x0, 0x3, 0xef, 0xff, 0xf9,
    0x40, 0x0, 0x2, 0x6c, 0xff, 0xff, 0x30, 0x0,
    0x0, 0x0, 0x3f, 0xff, 0xf9, 0x10, 0x0, 0x0,
    0x0, 0x0, 0x5f, 0xff, 0xe1, 0x0, 0x0, 0x1,
    0xef, 0xff, 0x40, 0x0, 0x0, 0x0, 0x0, 0x0,
    0x3, 0xff, 0xf9, 0x0, 0x0, 0xb, 0xff, 0xf3,
    0x0, 0x0, 0x0, 0x0, 0x0, 0x0, 0x0, 0x5f,
    0xff, 0x10, 0x0, 0x5f, 0xff, 0x50, 0x0, 0x1,
    0x7b, 0xb8, 0x4, 0x76, 0x0, 0xc, 0xff, 0x70,
    0x0, 0xdf, 0xfa, 0x0, 0x0, 0x4e, 0xff, 0xff,
    0xad, 0xfc, 0x0, 0x6, 0xff, 0xb0, 0x4, 0xff,
    0xf1, 0x0, 0x4, 0xff, 0xff, 0xff, 0xff, 0xf9,
    0x0, 0x2, 0xff, 0xe0, 0xa, 0xff, 0xa0, 0x0,
    0x1f, 0xff, 0xc3, 0x5, 0xff, 0xf5, 0x0, 0x0,
    0xff, 0xf0, 0xe, 0xff, 0x50, 0x0, 0x9f, 0xfe,
    0x10, 0x0, 0xcf, 0xf2, 0x0, 0x0, 0xef, 0xf1,
    0x1f, 0xff, 0x10, 0x0, 0xff, 0xf6, 0x0, 0x0,
    0xff, 0xf0, 0x0, 0x0, 0xef, 0xf0, 0x3f, 0xff,
    0x0, 0x4, 0xff, 0xf0, 0x0, 0x2, 0xff, 0xc0,
    0x0, 0x0, 0xff, 0xf0, 0x4f, 0xfd, 0x0, 0x7,
    0xff, 0xd0, 0x0, 0x5, 0xff, 0x90, 0x0, 0x4,
    0xff, 0xc0, 0x4f, 0xfd, 0x0, 0x8, 0xff, 0xc0,
    0x0, 0x7, 0xff, 0x60, 0x0, 0x9, 0xff, 0x80,
    0x4f, 0xfe, 0x0, 0x8, 0xff, 0xe0, 0x0, 0xc,
    0xff, 0x60, 0x0, 0x2f, 0xff, 0x20, 0x2f, 0xff,
    0x0, 0x5, 0xff, 0xf7, 0x2, 0xcf, 0xff, 0xa0,
    0x2, 0xdf, 0xf9, 0x0, 0xf, 0xff, 0x40, 0x0,
    0xef, 0xff, 0xff, 0xfd, 0xef, 0xfd, 0xcf, 0xff,
    0xd0, 0x0, 0xc, 0xff, 0x90, 0x0, 0x3f, 0xff,
    0xff, 0xd1, 0x7f, 0xff, 0xff, 0xfc, 0x10, 0x0,
    0x6, 0xff, 0xf1, 0x0, 0x1, 0x8b, 0xb6, 0x0,
    0x6, 0xdf, 0xfb, 0x50, 0x0, 0x0, 0x0, 0xff,
    0xfb, 0x0, 0x0, 0x0, 0x0, 0x0, 0x0, 0x0,
    0x0, 0x0, 0x0, 0x0, 0x0, 0x7f, 0xff, 0x90,
    0x0, 0x0, 0x0, 0x0, 0x0, 0x0, 0x0, 0x0,
    0x0, 0x0, 0x0, 0xb, 0xff, 0xfb, 0x20, 0x0,
    0x0, 0x0, 0x0, 0x10, 0x0, 0x0, 0x0, 0x0,
    0x0, 0x0, 0xcf, 0xff, 0xfb, 0x52, 0x0, 0x3,
    0x7c, 0xe0, 0x0, 0x0, 0x0, 0x0, 0x0, 0x0,
    0xa, 0xff, 0xff, 0xff, 0xff, 0xff, 0xff, 0xf6,
    0x0, 0x0, 0x0, 0x0, 0x0, 0x0, 0x0, 0x4c,
    0xff, 0xff, 0xff, 0xff, 0xff, 0xc4, 0x0, 0x0,
    0x0, 0x0, 0x0, 0x0, 0x0, 0x0, 0x27, 0xad,
    0xee, 0xdb, 0x72, 0x0, 0x0, 0x0, 0x0, 0x0,

    /* U+0041 "A" */
    0x0, 0x0, 0x0, 0x0, 0xff, 0xff, 0xf0, 0x0,
    0x0, 0x0, 0x0, 0x0, 0x0, 0x0, 0x5f, 0xff,
    0xff, 0x40, 0x0, 0x0, 0x0, 0x0, 0x0, 0x0,
    0xa, 0xff, 0xff, 0xf9, 0x0, 0x0, 0x0, 0x0,
    0x0, 0x0, 0x0, 0xff, 0xf9, 0xff, 0xe0, 0x0,
    0x0, 0x0, 0x0, 0x0, 0x0, 0x4f, 0xff, 0x2f,
    0xff, 0x40, 0x0, 0x0, 0x0, 0x0, 0x0, 0xa,
    0xff, 0xb0, 0xdf, 0xf9, 0x0, 0x0, 0x0, 0x0,
    0x0, 0x0, 0xff, 0xf7, 0x9, 0xff, 0xe0, 0x0,
    0x0, 0x0, 0x0, 0x0, 0x4f, 0xff, 0x30, 0x5f,
    0xff, 0x40, 0x0, 0x0, 0x0, 0x0, 0xa, 0xff,
    0xe0, 0x0, 0xff, 0xf9, 0x0, 0x0, 0x0, 0x0,
    0x0, 0xef, 0xf9, 0x0, 0xb, 0xff, 0xe0, 0x0,
    0x0, 0x0, 0x0, 0x4f, 0xff, 0x50, 0x0, 0x7f,
    0xff, 0x40, 0x0, 0x0, 0x0, 0x9, 0xff, 0xf0,
    0x0, 0x2, 0xff, 0xf9, 0x0, 0x0, 0x0, 0x0,
    0xef, 0xfc, 0x11, 0x11, 0x1e, 0xff, 0xe0, 0x0,
    0x0, 0x0, 0x4f, 0xff, 0xff, 0xff, 0xff, 0xff,
    0xff, 0x30, 0x0, 0x0, 0x9, 0xff, 0xff, 0xff,
    0xff, 0xff, 0xff, 0xf9, 0x0, 0x0, 0x0, 0xef,
    0xff, 0xff, 0xff, 0xff, 0xff, 0xff, 0xe0, 0x0,
    0x0, 0x4f, 0xff, 0x80, 0x0, 0x0, 0x0, 0xbf,
    0xff, 0x30, 0x0, 0x9, 0xff, 0xf4, 0x0, 0x0,
    0x0, 0x6, 0xff, 0xf9, 0x0, 0x0, 0xef, 0xff,
    0x0, 0x0, 0x0, 0x0, 0x2f, 0xff, 0xe0, 0x0,
    0x3f, 0xff, 0xa0, 0x0, 0x0, 0x0, 0x0, 0xdf,
    0xff, 0x30, 0x9, 0xff, 0xf6, 0x0, 0x0, 0x0,
    0x0, 0x8, 0xff, 0xf8, 0x0, 0xef, 0xff, 0x10,
    0x0, 0x0, 0x0, 0x0, 0x4f, 0xff, 0xe0,

    /* U+0042 "B" */
    0x2f, 0xff, 0xff, 0xff, 0xfe, 0xc9, 0x50, 0x0,
    0x0, 0x2f, 0xff, 0xff, 0xff, 0xff, 0xff, 0xfd,
    0x30, 0x0, 0x2f, 0xff, 0xff, 0xff, 0xff, 0xff,
    0xff, 0xf2, 0x0, 0x2f, 0xff, 0xc0, 0x0, 0x13,
    0x8f, 0xff, 0xf9, 0x0, 0x2f, 0xff, 0xc0, 0x0,
    0x0, 0x5, 0xff, 0xfd, 0x0, 0x2f, 0xff, 0xc0,
    0x0, 0x0, 0x0, 0xff, 0xfe, 0x0, 0x2f, 0xff,
    0xc0, 0x0, 0x0, 0x0, 0xff, 0xfc, 0x0, 0x2f,
    0xff, 0xc0, 0x0, 0x0, 0x7, 0xff, 0xf7, 0x0,
    0x2f, 0xff, 0xc0, 0x0, 0x3, 0x8f, 0xff, 0xe0,
    0x0, 0x2f, 0xff, 0xff, 0xff, 0xff, 0xff, 0xfc,
    0x20, 0x0, 0x2f, 0xff, 0xff, 0xff, 0xff, 0xff,
    0xf8, 0x20, 0x0, 0x2f, 0xff, 0xff, 0xff, 0xff,
    0xff, 0xff, 0xf7, 0x0, 0x2f, 0xff, 0xc0, 0x0,
    0x0, 0x38, 0xff, 0xff, 0x50, 0x2f, 0xff, 0xc0,
    0x0, 0x0, 0x0, 0x5f, 0xff, 0xc0, 0x2f, 0xff,
    0xc0, 0x0, 0x0, 0x0, 0xe, 0xff, 0xf0, 0x2f,
    0xff, 0xc0, 0x0, 0x0, 0x0, 0xd, 0xff, 0xf0,
    0x2f, 0xff, 0xc0, 0x0, 0x0, 0x0, 0xf, 0xff,
    0xf0, 0x2f, 0xff, 0xc0, 0x0, 0x0, 0x0, 0x8f,
    0xff, 0xb0, 0x2f, 0xff, 0xc0, 0x0, 0x2, 0x5b,
    0xff, 0xff, 0x40, 0x2f, 0xff, 0xff, 0xff, 0xff,
    0xff, 0xff, 0xf9, 0x0, 0x2f, 0xff, 0xff, 0xff,
    0xff, 0xff, 0xff, 0x70, 0x0, 0x2f, 0xff, 0xff,
    0xff, 0xff, 0xda, 0x61, 0x0, 0x0,

    /* U+0043 "C" */
    0x0, 0x0, 0x0, 0x17, 0xbe, 0xff, 0xd9, 0x30,
    0x0, 0x0, 0x0, 0x8, 0xff, 0xff, 0xff, 0xff,
    0xfa, 0x10, 0x0, 0x1, 0xcf, 0xff, 0xff, 0xff,
    0xff, 0xff, 0xd1, 0x0, 0xc, 0xff, 0xff, 0xe9,
    0x67, 0x9e, 0xff, 0x90, 0x0, 0x9f, 0xff, 0xf8,
    0x0, 0x0, 0x0, 0x8b, 0x0, 0x2, 0xff, 0xff,
    0x70, 0x0, 0x0, 0x0, 0x0, 0x0, 0x9, 0xff,
    0xfc, 0x0, 0x0, 0x0, 0x0, 0x0, 0x0, 0xe,
    0xff, 0xf5, 0x0, 0x0, 0x0, 0x0, 0x0, 0x0,
    0x1f, 0xff, 0xf0, 0x0, 0x0, 0x0, 0x0, 0x0,
    0x0, 0x3f, 0xff, 0xd0, 0x0, 0x0, 0x0, 0x0,
    0x0, 0x0, 0x4f, 0xff, 0xb0, 0x0, 0x0, 0x0,
    0x0, 0x0, 0x0, 0x5f, 0xff, 0xb0, 0x0, 0x0,
    0x0, 0x0, 0x0, 0x0, 0x4f, 0xff, 0xd0, 0x0,
    0x0, 0x0, 0x0, 0x0, 0x0, 0x2f, 0xff, 0xf0,
    0x0, 0x0, 0x0, 0x0, 0x0, 0x0, 0xe, 0xff,
    0xf4, 0x0, 0x0, 0x0, 0x0, 0x0, 0x0, 0xa,
    0xff, 0xfb, 0x0, 0x0, 0x0, 0x0, 0x0, 0x0,
    0x3, 0xff, 0xff, 0x60, 0x0, 0x0, 0x0, 0x2,
    0x0, 0x0, 0xbf, 0xff, 0xf7, 0x0, 0x0, 0x0,
    0x7f, 0x60, 0x0, 0x1e, 0xff, 0xff, 0xe9, 0x76,
    0x9e, 0xff, 0xf5, 0x0, 0x2, 0xef, 0xff, 0xff,
    0xff, 0xff, 0xff, 0xd1, 0x0, 0x0, 0x1a, 0xff,
    0xff, 0xff, 0xff, 0xfa, 0x10, 0x0, 0x0, 0x0,
    0x28, 0xce, 0xff, 0xd9, 0x30, 0x0,

    /* U+0044 "D" */
    0x2f, 0xff, 0xff, 0xff, 0xec, 0x83, 0x0, 0x0,
    0x0, 0x2f, 0xff, 0xff, 0xff, 0xff, 0xff, 0xd4,
    0x0, 0x0, 0x2f, 0xff, 0xff, 0xff, 0xff, 0xff,
    0xff, 0x70, 0x0, 0x2f, 0xff, 0xc2, 0x23, 0x6a,
    0xff, 0xff, 0xf6, 0x0, 0x2f, 0xff, 0xc0, 0x0,
    0x0, 0x1c, 0xff, 0xff, 0x10, 0x2f, 0xff, 0xc0,
    0x0, 0x0, 0x0, 0xdf, 0xff, 0x90, 0x2f, 0xff,
    0xc0, 0x0, 0x0, 0x0, 0x4f, 0xff, 0xf0, 0x2f,
    0xff, 0xc0, 0x0, 0x0, 0x0, 0xe, 0xff, 0xf3,
    0x2f, 0xff, 0xc0, 0x0, 0x0, 0x0, 0xa, 0xff,
    0xf6, 0x2f, 0xff, 0xc0, 0x0, 0x0, 0x0, 0x8,
    0xff, 0xf8, 0x2f, 0xff, 0xc0, 0x0, 0x0, 0x0,
    0x7, 0xff, 0xf9, 0x2f, 0xff, 0xc0, 0x0, 0x0,
    0x0, 0x7, 0xff, 0xf9, 0x2f, 0xff, 0xc0, 0x0,
    0x0, 0x0, 0x9, 0xff, 0xf8, 0x2f, 0xff, 0xc0,
    0x0, 0x0, 0x0, 0xb, 0xff, 0xf6, 0x2f, 0xff,
    0xc0, 0x0, 0x0, 0x0, 0xf, 0xff, 0xf3, 0x2f,
    0xff, 0xc0, 0x0, 0x0, 0x0, 0x5f, 0xff, 0xe0,
    0x2f, 0xff, 0xc0, 0x0, 0x0, 0x1, 0xef, 0xff,
    0x80, 0x2f, 0xff, 0xc0, 0x0, 0x0, 0x2d, 0xff,
    0xff, 0x10, 0x2f, 0xff, 0xc2, 0x23, 0x6a, 0xff,
    0xff, 0xf5, 0x0, 0x2f, 0xff, 0xff, 0xff, 0xff,
    0xff, 0xff, 0x60, 0x0, 0x2f, 0xff, 0xff, 0xff,
    0xff, 0xff, 0xc3, 0x0, 0x0, 0x2f, 0xff, 0xff,
    0xff, 0xec, 0x94, 0x0, 0x0, 0x0,

    /* U+0045 "E" */
    0x2f, 0xff, 0xff, 0xff, 0xff, 0xff, 0xff, 0x32,
    0xff, 0xff, 0xff, 0xff, 0xff, 0xff, 0xf3, 0x2f,
    0xff, 0xff, 0xff, 0xff, 0xff, 0xff, 0x32, 0xff,
    0xfd, 0x55, 0x55, 0x55, 0x55, 0x51, 0x2f, 0xff,
    0xc0, 0x0, 0x0, 0x0, 0x0, 0x2, 0xff, 0xfc,
    0x0, 0x0, 0x0, 0x0, 0x0, 0x2f, 0xff, 0xc0,
    0x0, 0x0, 0x0, 0x0, 0x2, 0xff, 0xfc, 0x0,
    0x0, 0x0, 0x0, 0x0, 0x2f, 0xff, 0xc0, 0x0,
    0x0, 0x0, 0x0, 0x2, 0xff, 0xff, 0xff, 0xff,
    0xff, 0xfc, 0x0, 0x2f, 0xff, 0xff, 0xff, 0xff,
    0xff, 0xc0, 0x2, 0xff, 0xff, 0xff, 0xff, 0xff,
    0xfc, 0x0, 0x2f, 0xff, 0xd5, 0x55, 0x55, 0x55,
    0x30, 0x2, 0xff, 0xfc, 0x0, 0x0, 0x0, 0x0,
    0x0, 0x2f, 0xff, 0xc0, 0x0, 0x0, 0x0, 0x0,
    0x2, 0xff, 0xfc, 0x0, 0x0, 0x0, 0x0, 0x0,
    0x2f, 0xff, 0xc0, 0x0, 0x0, 0x0, 0x0, 0x2,
    0xff, 0xfc, 0x0, 0x0, 0x0, 0x0, 0x0, 0x2f,
    0xff, 0xd5, 0x55, 0x55, 0x55, 0x55, 0x22, 0xff,
    0xff, 0xff, 0xff, 0xff, 0xff, 0xf9, 0x2f, 0xff,
    0xff, 0xff, 0xff, 0xff, 0xff, 0x92, 0xff, 0xff,
    0xff, 0xff, 0xff, 0xff, 0xf9,

    /* U+0046 "F" */
    0x2f, 0xff, 0xff, 0xff, 0xff, 0xff, 0xff, 0x42,
    0xff, 0xff, 0xff, 0xff, 0xff, 0xff, 0xf4, 0x2f,
    0xff, 0xff, 0xff, 0xff, 0xff, 0xff, 0x42, 0xff,
    0xfd, 0x55, 0x55, 0x55, 0x55, 0x51, 0x2f, 0xff,
    0xc0, 0x0, 0x0, 0x0, 0x0, 0x2, 0xff, 0xfc,
    0x0, 0x0, 0x0, 0x0, 0x0, 0x2f, 0xff, 0xc0,
    0x0, 0x0, 0x0, 0x0, 0x2, 0xff, 0xfc, 0x0,
    0x0, 0x0, 0x0, 0x0, 0x2f, 0xff, 0xc0, 0x0,
    0x0, 0x0, 0x0, 0x2, 0xff, 0xfd, 0x55, 0x55,
    0x55, 0x54, 0x0, 0x2f, 0xff, 0xff, 0xff, 0xff,
    0xff, 0xd0, 0x2, 0xff, 0xff, 0xff, 0xff, 0xff,
    0xfd, 0x0, 0x2f, 0xff, 0xff, 0xff, 0xff, 0xff,
    0xd0, 0x2, 0xff, 0xfc, 0x0, 0x0, 0x0, 0x0,
    0x0, 0x2f, 0xff, 0xc0, 0x0, 0x0, 0x0, 0x0,
    0x2, 0xff, 0xfc, 0x0, 0x0, 0x0, 0x0, 0x0,
    0x2f, 0xff, 0xc0, 0x0, 0x0, 0x0, 0x0, 0x2,
    0xff, 0xfc, 0x0, 0x0, 0x0, 0x0, 0x0, 0x2f,
    0xff, 0xc0, 0x0, 0x0, 0x0, 0x0, 0x2, 0xff,
    0xfc, 0x0, 0x0, 0x0, 0x0, 0x0, 0x2f, 0xff,
    0xc0, 0x0, 0x0, 0x0, 0x0, 0x2, 0xff, 0xfc,
    0x0, 0x0, 0x0, 0x0, 0x0,

    /* U+0047 "G" */
    0x0, 0x0, 0x0, 0x6, 0xbe, 0xff, 0xeb, 0x71,
    0x0, 0x0, 0x0, 0x0, 0x7f, 0xff, 0xff, 0xff,
    0xff, 0xe6, 0x0, 0x0, 0x0, 0xbf, 0xff, 0xff,
    0xff, 0xff, 0xff, 0xf8, 0x0, 0x0, 0xcf, 0xff,
    0xff, 0xa7, 0x67, 0xbf, 0xff, 0x40, 0x0, 0x8f,
    0xff, 0xf9, 0x0, 0x0, 0x0, 0x2b, 0x40, 0x0,
    0x2f, 0xff, 0xf7, 0x0, 0x0, 0x0, 0x0, 0x0,
    0x0, 0x8, 0xff, 0xfc, 0x0, 0x0, 0x0, 0x0,
    0x0, 0x0, 0x0, 0xdf, 0xff, 0x40, 0x0, 0x0,
    0x0, 0x0, 0x0, 0x0, 0x1f, 0xff, 0xf0, 0x0,
    0x0, 0x0, 0x0, 0x0, 0x0, 0x3, 0xff, 0xfd,
    0x0, 0x0, 0x1, 0x33, 0x33, 0x33, 0x30, 0x4f,
    0xff, 0xb0, 0x0, 0x0, 0x8f, 0xff, 0xff, 0xff,
    0x45, 0xff, 0xfb, 0x0, 0x0, 0x8, 0xff, 0xff,
    0xff, 0xf4, 0x4f, 0xff, 0xd0, 0x0, 0x0, 0x8f,
    0xff, 0xff, 0xff, 0x42, 0xff, 0xff, 0x0, 0x0,
    0x0, 0x0, 0x4, 0xff, 0xf4, 0xe, 0xff, 0xf4,
    0x0, 0x0, 0x0, 0x0, 0x4f, 0xff, 0x40, 0xaf,
    0xff, 0xb0, 0x0, 0x0, 0x0, 0x4, 0xff, 0xf4,
    0x3, 0xff, 0xff, 0x70, 0x0, 0x0, 0x0, 0x4f,
    0xff, 0x40, 0xa, 0xff, 0xff, 0x80, 0x0, 0x0,
    0x6, 0xff, 0xf4, 0x0, 0x1e, 0xff, 0xff, 0xea,
    0x76, 0x8b, 0xff, 0xff, 0x40, 0x0, 0x2d, 0xff,
    0xff, 0xff, 0xff, 0xff, 0xff, 0xe1, 0x0, 0x0,
    0x9, 0xff, 0xff, 0xff, 0xff, 0xff, 0xa1, 0x0,
    0x0, 0x0, 0x1, 0x7b, 0xef, 0xfe, 0xc8, 0x20,
    0x0,

    /* U+0048 "H" */
    0x2f, 0xff, 0xc0, 0x0, 0x0, 0x0, 0x3, 0xff,
    0xfb, 0x2f, 0xff, 0xc0, 0x0, 0x0, 0x0, 0x3,
    0xff, 0xfb, 0x2f, 0xff, 0xc0, 0x0, 0x0, 0x0,
    0x3, 0xff, 0xfb, 0x2f, 0xff, 0xc0, 0x0, 0x0,
    0x0, 0x3, 0xff, 0xfb, 0x2f, 0xff, 0xc0, 0x0,
    0x0, 0x0, 0x3, 0xff, 0xfb, 0x2f, 0xff, 0xc0,
    0x0, 0x0, 0x0, 0x3, 0xff, 0xfb, 0x2f, 0xff,
    0xc0, 0x0, 0x0, 0x0, 0x3, 0xff, 0xfb, 0x2f,
    0xff, 0xc0, 0x0, 0x0, 0x0, 0x3, 0xff, 0xfb,
    0x2f, 0xff, 0xc0, 0x0, 0x0, 0x0, 0x3, 0xff,
    0xfb, 0x2f, 0xff, 0xff, 0xff, 0xff, 0xff, 0xff,
    0xff, 0xfb, 0x2f, 0xff, 0xff, 0xff, 0xff, 0xff,
    0xff, 0xff, 0xfb, 0x2f, 0xff, 0xff, 0xff, 0xff,
    0xff, 0xff, 0xff, 0xfb, 0x2f, 0xff, 0xd6, 0x66,
    0x66, 0x66, 0x68, 0xff, 0xfb, 0x2f, 0xff, 0xc0,
    0x0, 0x0, 0x0, 0x3, 0xff, 0xfb, 0x2f, 0xff,
    0xc0, 0x0, 0x0, 0x0, 0x3, 0xff, 0xfb, 0x2f,
    0xff, 0xc0, 0x0, 0x0, 0x0, 0x3, 0xff, 0xfb,
    0x2f, 0xff, 0xc0, 0x0, 0x0, 0x0, 0x3, 0xff,
    0xfb, 0x2f, 0xff, 0xc0, 0x0, 0x0, 0x0, 0x3,
    0xff, 0xfb, 0x2f, 0xff, 0xc0, 0x0, 0x0, 0x0,
    0x3, 0xff, 0xfb, 0x2f, 0xff, 0xc0, 0x0, 0x0,
    0x0, 0x3, 0xff, 0xfb, 0x2f, 0xff, 0xc0, 0x0,
    0x0, 0x0, 0x3, 0xff, 0xfb, 0x2f, 0xff, 0xc0,
    0x0, 0x0, 0x0, 0x3, 0xff, 0xfb,

    /* U+0049 "I" */
    0x2f, 0xff, 0xc2, 0xff, 0xfc, 0x2f, 0xff, 0xc2,
    0xff, 0xfc, 0x2f, 0xff, 0xc2, 0xff, 0xfc, 0x2f,
    0xff, 0xc2, 0xff, 0xfc, 0x2f, 0xff, 0xc2, 0xff,
    0xfc, 0x2f, 0xff, 0xc2, 0xff, 0xfc, 0x2f, 0xff,
    0xc2, 0xff, 0xfc, 0x2f, 0xff, 0xc2, 0xff, 0xfc,
    0x2f, 0xff, 0xc2, 0xff, 0xfc, 0x2f, 0xff, 0xc2,
    0xff, 0xfc, 0x2f, 0xff, 0xc2, 0xff, 0xfc,

    /* U+004A "J" */
    0x0, 0x0, 0x0, 0x0, 0x0, 0xef, 0xff, 0x10,
    0x0, 0x0, 0x0, 0x0, 0xe, 0xff, 0xf1, 0x0,
    0x0, 0x0, 0x0, 0x0, 0xef, 0xff, 0x10, 0x0,
    0x0, 0x0, 0x0, 0xe, 0xff, 0xf1, 0x0, 0x0,
    0x0, 0x0, 0x0, 0xef, 0xff, 0x10, 0x0, 0x0,
    0x0, 0x0, 0xe, 0xff, 0xf1, 0x0, 0x0, 0x0,
    0x0, 0x0, 0xef, 0xff, 0x10, 0x0, 0x0, 0x0,
    0x0, 0xe, 0xff, 0xf1, 0x0, 0x0, 0x0, 0x0,
    0x0, 0xef, 0xff, 0x10, 0x0, 0x0, 0x0, 0x0,
    0xe, 0xff, 0xf1, 0x0, 0x0, 0x0, 0x0, 0x0,
    0xef, 0xff, 0x10, 0x0, 0x0, 0x0, 0x0, 0xe,
    0xff, 0xf1, 0x0, 0x0, 0x0, 0x0, 0x0, 0xef,
    0xff, 0x10, 0x0, 0x0, 0x0, 0x0, 0xe, 0xff,
    0xf1, 0x0, 0x0, 0x0, 0x0, 0x0, 0xef, 0xff,
    0x10, 0x0, 0x0, 0x0, 0x0, 0xf, 0xff, 0xf0,
    0x0, 0x3, 0x0, 0x0, 0x2, 0xff, 0xfe, 0x0,
    0x3d, 0xf4, 0x0, 0x0, 0x9f, 0xff, 0xa0, 0xe,
    0xff, 0xfa, 0x77, 0xcf, 0xff, 0xf4, 0x0, 0x4f,
    0xff, 0xff, 0xff, 0xff, 0xfb, 0x0, 0x0, 0x5f,
    0xff, 0xff, 0xff, 0xfb, 0x0, 0x0, 0x0, 0x18,
    0xdf, 0xfe, 0xb5, 0x0, 0x0,

    /* U+004B "K" */
    0x2f, 0xff, 0xc0, 0x0, 0x0, 0x0, 0x9f, 0xff,
    0xc0, 0x2, 0xff, 0xfc, 0x0, 0x0, 0x0, 0x6f,
    0xff, 0xe1, 0x0, 0x2f, 0xff, 0xc0, 0x0, 0x0,
    0x3f, 0xff, 0xf3, 0x0, 0x2, 0xff, 0xfc, 0x0,
    0x0, 0x1e, 0xff, 0xf6, 0x0, 0x0, 0x2f, 0xff,
    0xc0, 0x0, 0xc, 0xff, 0xf9, 0x0, 0x0, 0x2,
    0xff, 0xfc, 0x0, 0x9, 0xff, 0xfc, 0x0, 0x0,
    0x0, 0x2f, 0xff, 0xc0, 0x5, 0xff, 0xfe, 0x10,
    0x0, 0x0, 0x2, 0xff, 0xfc, 0x3, 0xff, 0xff,
    0x30, 0x0, 0x0, 0x0, 0x2f, 0xff, 0xc1, 0xef,
    0xff, 0x80, 0x0, 0x0, 0x0, 0x2, 0xff, 0xfc,
    0xbf, 0xff, 0xfd, 0x0, 0x0, 0x0, 0x0, 0x2f,
    0xff, 0xff, 0xff, 0xff, 0xf7, 0x0, 0x0, 0x0,
    0x2, 0xff, 0xff, 0xff, 0xff, 0xff, 0xf1, 0x0,
    0x0, 0x0, 0x2f, 0xff, 0xff, 0xf4, 0x8f, 0xff,
    0xa0, 0x0, 0x0, 0x2, 0xff, 0xff, 0xf7, 0x0,
    0xef, 0xff, 0x40, 0x0, 0x0, 0x2f, 0xff, 0xfa,
    0x0, 0x5, 0xff, 0xfd, 0x0, 0x0, 0x2, 0xff,
    0xfd, 0x0, 0x0, 0xc, 0xff, 0xf7, 0x0, 0x0,
    0x2f, 0xff, 0xc0, 0x0, 0x0, 0x3f, 0xff, 0xf1,
    0x0, 0x2, 0xff, 0xfc, 0x0, 0x0, 0x0, 0xaf,
    0xff, 0xa0, 0x0, 0x2f, 0xff, 0xc0, 0x0, 0x0,
    0x1, 0xff, 0xff, 0x30, 0x2, 0xff, 0xfc, 0x0,
    0x0, 0x0, 0x7, 0xff, 0xfd, 0x0, 0x2f, 0xff,
    0xc0, 0x0, 0x0, 0x0, 0xd, 0xff, 0xf6, 0x2,
    0xff, 0xfc, 0x0, 0x0, 0x0, 0x0, 0x4f, 0xff,
    0xf1,

    /* U+004C "L" */
    0x2f, 0xff, 0xc0, 0x0, 0x0, 0x0, 0x0, 0x2,
    0xff, 0xfc, 0x0, 0x0, 0x0, 0x0, 0x0, 0x2f,
    0xff, 0xc0, 0x0, 0x0, 0x0, 0x0, 0x2, 0xff,
    0xfc, 0x0, 0x0, 0x0, 0x0, 0x0, 0x2f, 0xff,
    0xc0, 0x0, 0x0, 0x0, 0x0, 0x2, 0xff, 0xfc,
    0x0, 0x0, 0x0, 0x0, 0x0, 0x2f, 0xff, 0xc0,
    0x0, 0x0, 0x0, 0x0, 0x2, 0xff, 0xfc, 0x0,
    0x0, 0x0, 0x0, 0x0, 0x2f, 0xff, 0xc0, 0x0,
    0x0, 0x0, 0x0, 0x2, 0xff, 0xfc, 0x0, 0x0,
    0x0, 0x0, 0x0, 0x2f, 0xff, 0xc0, 0x0, 0x0,
    0x0, 0x0, 0x2, 0xff, 0xfc, 0x0, 0x0, 0x0,
    0x0, 0x0, 0x2f, 0xff, 0xc0, 0x0, 0x0, 0x0,
    0x0, 0x2, 0xff, 0xfc, 0x0, 0x0, 0x0, 0x0,
    0x0, 0x2f, 0xff, 0xc0, 0x0, 0x0, 0x0, 0x0,
    0x2, 0xff, 0xfc, 0x0, 0x0, 0x0, 0x0, 0x0,
    0x2f, 0xff, 0xc0, 0x0, 0x0, 0x0, 0x0, 0x2,
    0xff, 0xfc, 0x0, 0x0, 0x0, 0x0, 0x0, 0x2f,
    0xff, 0xd5, 0x55, 0x55, 0x55, 0x55, 0x2, 0xff,
    0xff, 0xff, 0xff, 0xff, 0xff, 0xf0, 0x2f, 0xff,
    0xff, 0xff, 0xff, 0xff, 0xff, 0x2, 0xff, 0xff,
    0xff, 0xff, 0xff, 0xff, 0xf0,

    /* U+004D "M" */
    0x2f, 0xff, 0xfb, 0x0, 0x0, 0x0, 0x0, 0x5,
    0xff, 0xff, 0x82, 0xff, 0xff, 0xf1, 0x0, 0x0,
    0x0, 0x0, 0xbf, 0xff, 0xf8, 0x2f, 0xff, 0xff,
    0x60, 0x0, 0x0, 0x0, 0x1f, 0xff, 0xff, 0x82,
    0xff, 0xff, 0xfc, 0x0, 0x0, 0x0, 0x6, 0xff,
    0xff, 0xf8, 0x2f, 0xff, 0xff, 0xf2, 0x0, 0x0,
    0x0, 0xcf, 0xfe, 0xff, 0x82, 0xff, 0xfb, 0xff,
    0x70, 0x0, 0x0, 0x2f, 0xff, 0xbf, 0xf8, 0x2f,
    0xff, 0x7f, 0xfd, 0x0, 0x0, 0x7, 0xff, 0xbc,
    0xff, 0x82, 0xff, 0xf4, 0xff, 0xf3, 0x0, 0x0,
    0xdf, 0xf6, 0xdf, 0xf8, 0x2f, 0xff, 0x3d, 0xff,
    0x80, 0x0, 0x2f, 0xff, 0x1f, 0xff, 0x82, 0xff,
    0xf4, 0x8f, 0xfe, 0x0, 0x8, 0xff, 0xc0, 0xff,
    0xf8, 0x2f, 0xff, 0x53, 0xff, 0xf4, 0x0, 0xef,
    0xf6, 0x1f, 0xff, 0x82, 0xff, 0xf6, 0xd, 0xff,
    0x90, 0x3f, 0xff, 0x11, 0xff, 0xf8, 0x2f, 0xff,
    0x60, 0x7f, 0xfe, 0x8, 0xff, 0xb0, 0x2f, 0xff,
    0x82, 0xff, 0xf6, 0x1, 0xff, 0xf3, 0xcf, 0xf5,
    0x2, 0xff, 0xf8, 0x2f, 0xff, 0x60, 0xb, 0xff,
    0x9f, 0xfe, 0x0, 0x2f, 0xff, 0x82, 0xff, 0xf6,
    0x0, 0x5f, 0xff, 0xff, 0x90, 0x2, 0xff, 0xf8,
    0x2f, 0xff, 0x60, 0x0, 0xff, 0xff, 0xf3, 0x0,
    0x2f, 0xff, 0x82, 0xff, 0xf6, 0x0, 0xa, 0xff,
    0xfd, 0x0, 0x2, 0xff, 0xf8, 0x2f, 0xff, 0x60,
    0x0, 0x4f, 0xff, 0x70, 0x0, 0x2f, 0xff, 0x82,
    0xff, 0xf6, 0x0, 0x0, 0xef, 0xf1, 0x0, 0x2,
    0xff, 0xf8, 0x2f, 0xff, 0x60, 0x0, 0x0, 0x0,
    0x0, 0x0, 0x2f, 0xff, 0x82, 0xff, 0xf6, 0x0,
    0x0, 0x0, 0x0, 0x0, 0x2, 0xff, 0xf8,

    /* U+004E "N" */
    0x2f, 0xff, 0xf6, 0x0, 0x0, 0x0, 0x4, 0xff,
    0xf7, 0x2f, 0xff, 0xfe, 0x0, 0x0, 0x0, 0x4,
    0xff, 0xf7, 0x2f, 0xff, 0xff, 0x80, 0x0, 0x0,
    0x4, 0xff, 0xf7, 0x2f, 0xff, 0xff, 0xf1, 0x0,
    0x0, 0x4, 0xff, 0xf7, 0x2f, 0xff, 0xff, 0xf9,
    0x0, 0x0, 0x4, 0xff, 0xf7, 0x2f, 0xff, 0xaf,
    0xff, 0x20, 0x0, 0x4, 0xff, 0xf7, 0x2f, 0xff,
    0x6f, 0xff, 0xb0, 0x0, 0x4, 0xff, 0xf7, 0x2f,
    0xff, 0x5b, 0xff, 0xf4, 0x0, 0x4, 0xff, 0xf7,
    0x2f, 0xff, 0x63, 0xff, 0xfc, 0x0, 0x4, 0xff,
    0xf7, 0x2f, 0xff, 0x70, 0xbf, 0xff, 0x50, 0x4,
    0xff, 0xf7, 0x2f, 0xff, 0x80, 0x2f, 0xff, 0xe0,
    0x4, 0xff, 0xf7, 0x2f, 0xff, 0x90, 0x9, 0xff,
    0xf7, 0x4, 0xff, 0xf7, 0x2f, 0xff, 0x90, 0x1,
    0xff, 0xff, 0x12, 0xff, 0xf7, 0x2f, 0xff, 0x90,
    0x0, 0x8f, 0xff, 0x81, 0xff, 0xf7, 0x2f, 0xff,
    0x90, 0x0, 0xe, 0xff, 0xe1, 0xff, 0xf7, 0x2f,
    0xff, 0x90, 0x0, 0x6, 0xff, 0xf6, 0xff, 0xf7,
    0x2f, 0xff, 0x90, 0x0, 0x0, 0xdf, 0xfc, 0xdf,
    0xf7, 0x2f, 0xff, 0x90, 0x0, 0x0, 0x5f, 0xff,
    0xff, 0xf7, 0x2f, 0xff, 0x90, 0x0, 0x0, 0xc,
    0xff, 0xff, 0xf7, 0x2f, 0xff, 0x90, 0x0, 0x0,
    0x3, 0xff, 0xff, 0xf7, 0x2f, 0xff, 0x90, 0x0,
    0x0, 0x0, 0xaf, 0xff, 0xf7, 0x2f, 0xff, 0x90,
    0x0, 0x0, 0x0, 0x2f, 0xff, 0xf7,

    /* U+004F "O" */
    0x0, 0x0, 0x0, 0x49, 0xdf, 0xff, 0xd9, 0x30,
    0x0, 0x0, 0x0, 0x0, 0x2, 0xcf, 0xff, 0xff,
    0xff, 0xff, 0xb2, 0x0, 0x0, 0x0, 0x4, 0xff,
    0xff, 0xff, 0xff, 0xff, 0xff, 0xe3, 0x0, 0x0,
    0x2, 0xff, 0xff, 0xfc, 0x86, 0x8c, 0xff, 0xff,
    0xe2, 0x0, 0x0, 0xcf, 0xff, 0xf4, 0x0, 0x0,
    0x5, 0xff, 0xff, 0xb0, 0x0, 0x4f, 0xff, 0xf4,
    0x0, 0x0, 0x0, 0x5, 0xff, 0xff, 0x40, 0xb,
    0xff, 0xfa, 0x0, 0x0, 0x0, 0x0, 0xb, 0xff,
    0xfa, 0x0, 0xff, 0xff, 0x30, 0x0, 0x0, 0x0,
    0x0, 0x4f, 0xff, 0xe0, 0x2f, 0xff, 0xf0, 0x0,
    0x0, 0x0, 0x0, 0x0, 0xff, 0xff, 0x14, 0xff,
    0xfc, 0x0, 0x0, 0x0, 0x0, 0x0, 0xe, 0xff,
    0xf3, 0x5f, 0xff, 0xb0, 0x0, 0x0, 0x0, 0x0,
    0x0, 0xdf, 0xff, 0x45, 0xff, 0xfb, 0x0, 0x0,
    0x0, 0x0, 0x0, 0xd, 0xff, 0xf4, 0x4f, 0xff,
    0xd0, 0x0, 0x0, 0x0, 0x0, 0x0, 0xef, 0xff,
    0x32, 0xff, 0xff, 0x0, 0x0, 0x0, 0x0, 0x0,
    0x1f, 0xff, 0xf1, 0xe, 0xff, 0xf4, 0x0, 0x0,
    0x0, 0x0, 0x5, 0xff, 0xfe, 0x0, 0xaf, 0xff,
    0xb0, 0x0, 0x0, 0x0, 0x0, 0xcf, 0xff, 0x90,
    0x3, 0xff, 0xff, 0x50, 0x0, 0x0, 0x0, 0x6f,
    0xff, 0xf3, 0x0, 0xb, 0xff, 0xff, 0x50, 0x0,
    0x0, 0x6f, 0xff, 0xfa, 0x0, 0x0, 0x1e, 0xff,
    0xff, 0xc8, 0x68, 0xcf, 0xff, 0xfe, 0x10, 0x0,
    0x0, 0x3e, 0xff, 0xff, 0xff, 0xff, 0xff, 0xfe,
    0x20, 0x0, 0x0, 0x0, 0x1b, 0xff, 0xff, 0xff,
    0xff, 0xfb, 0x10, 0x0, 0x0, 0x0, 0x0, 0x3,
    0x9d, 0xff, 0xfd, 0x93, 0x0, 0x0, 0x0,

    /* U+0050 "P" */
    0x2f, 0xff, 0xff, 0xff, 0xfe, 0xc9, 0x40, 0x0,
    0x2, 0xff, 0xff, 0xff, 0xff, 0xff, 0xff, 0xc2,
    0x0, 0x2f, 0xff, 0xff, 0xff, 0xff, 0xff, 0xff,
    0xe2, 0x2, 0xff, 0xfc, 0x22, 0x22, 0x49, 0xff,
    0xff, 0xb0, 0x2f, 0xff, 0xc0, 0x0, 0x0, 0x2,
    0xff, 0xff, 0x22, 0xff, 0xfc, 0x0, 0x0, 0x0,
    0xa, 0xff, 0xf5, 0x2f, 0xff, 0xc0, 0x0, 0x0,
    0x0, 0x7f, 0xff, 0x62, 0xff, 0xfc, 0x0, 0x0,
    0x0, 0x8, 0xff, 0xf6, 0x2f, 0xff, 0xc0, 0x0,
    0x0, 0x0, 0xbf, 0xff, 0x42, 0xff, 0xfc, 0x0,
    0x0, 0x0, 0x5f, 0xff, 0xf0, 0x2f, 0xff, 0xc2,
    0x22, 0x25, 0xaf, 0xff, 0xf8, 0x2, 0xff, 0xff,
    0xff, 0xff, 0xff, 0xff, 0xfc, 0x0, 0x2f, 0xff,
    0xff, 0xff, 0xff, 0xff, 0xf9, 0x0, 0x2, 0xff,
    0xff, 0xff, 0xff, 0xec, 0x72, 0x0, 0x0, 0x2f,
    0xff, 0xc0, 0x0, 0x0, 0x0, 0x0, 0x0, 0x2,
    0xff, 0xfc, 0x0, 0x0, 0x0, 0x0, 0x0, 0x0,
    0x2f, 0xff, 0xc0, 0x0, 0x0, 0x0, 0x0, 0x0,
    0x2, 0xff, 0xfc, 0x0, 0x0, 0x0, 0x0, 0x0,
    0x0, 0x2f, 0xff, 0xc0, 0x0, 0x0, 0x0, 0x0,
    0x0, 0x2, 0xff, 0xfc, 0x0, 0x0, 0x0, 0x0,
    0x0, 0x0, 0x2f, 0xff, 0xc0, 0x0, 0x0, 0x0,
    0x0, 0x0, 0x2, 0xff, 0xfc, 0x0, 0x0, 0x0,
    0x0, 0x0, 0x0,

    /* U+0051 "Q" */
    0x0, 0x0, 0x0, 0x49, 0xdf, 0xff, 0xd9, 0x30,
    0x0, 0x0, 0x0, 0x0, 0x0, 0x2c, 0xff, 0xff,
    0xff, 0xff, 0xfb, 0x20, 0x0, 0x0, 0x0, 0x4,
    0xff, 0xff, 0xff, 0xff, 0xff, 0xff, 0xe3, 0x0,
    0x0, 0x0, 0x2f, 0xff, 0xff, 0xc8, 0x68, 0xcf,
    0xff, 0xfe, 0x10, 0x0, 0x0, 0xcf, 0xff, 0xf4,
    0x0, 0x0, 0x5, 0xff, 0xff, 0xb0, 0x0, 0x4,
    0xff, 0xff, 0x40, 0x0, 0x0, 0x0, 0x5f, 0xff,
    0xf3, 0x0, 0xb, 0xff, 0xfa, 0x0, 0x0, 0x0,
    0x0, 0xb, 0xff, 0xfa, 0x0, 0xf, 0xff, 0xf3,
    0x0, 0x0, 0x0, 0x0, 0x4, 0xff, 0xfe, 0x0,
    0x2f, 0xff, 0xf0, 0x0, 0x0, 0x0, 0x0, 0x0,
    0xff, 0xff, 0x10, 0x4f, 0xff, 0xc0, 0x0, 0x0,
    0x0, 0x0, 0x0, 0xef, 0xff, 0x30, 0x5f, 0xff,
    0xb0, 0x0, 0x0, 0x0, 0x0, 0x0, 0xdf, 0xff,
    0x40, 0x5f, 0xff, 0xb0, 0x0, 0x0, 0x0, 0x0,
    0x0, 0xdf, 0xff, 0x40, 0x4f, 0xff, 0xd0, 0x0,
    0x0, 0x0, 0x0, 0x0, 0xef, 0xff, 0x30, 0x2f,
    0xff, 0xf0, 0x0, 0x0, 0x0, 0x0, 0x0, 0xff,
    0xff, 0x10, 0xe, 0xff, 0xf3, 0x0, 0x0, 0x0,
    0x0, 0x4, 0xff, 0xfd, 0x0, 0xa, 0xff, 0xf9,
    0x0, 0x0, 0x0, 0x0, 0xa, 0xff, 0xf9, 0x0,
    0x3, 0xff, 0xff, 0x30, 0x0, 0x0, 0x0, 0x4f,
    0xff, 0xf2, 0x0, 0x0, 0xbf, 0xff, 0xe2, 0x0,
    0x0, 0x3, 0xef, 0xff, 0xa0, 0x0, 0x0, 0x1e,
    0xff, 0xff, 0x94, 0x35, 0x9f, 0xff, 0xfe, 0x10,
    0x0, 0x0, 0x3, 0xef, 0xff, 0xff, 0xff, 0xff,
    0xff, 0xe2, 0x0, 0x0, 0x0, 0x0, 0x1b, 0xff,
    0xff, 0xff, 0xff, 0xfa, 0x10, 0x0, 0x0, 0x0,
    0x0, 0x0, 0x39, 0xef, 0xff, 0xf9, 0x30, 0x0,
    0x0, 0x0, 0x0, 0x0, 0x0, 0x0, 0x1f, 0xff,
    0xf7, 0x0, 0x0, 0x0, 0x0, 0x0, 0x0, 0x0,
    0x0, 0x5, 0xff, 0xff, 0xc5, 0x10, 0x1, 0x10,
    0x0, 0x0, 0x0, 0x0, 0x0, 0x7f, 0xff, 0xff,
    0xff, 0xff, 0x90, 0x0, 0x0, 0x0, 0x0, 0x0,
    0x5, 0xef, 0xff, 0xff, 0xff, 0xd0, 0x0, 0x0,
    0x0, 0x0, 0x0, 0x0, 0x17, 0xdf, 0xff, 0xff,
    0xc0, 0x0, 0x0, 0x0, 0x0, 0x0, 0x0, 0x0,
    0x0, 0x23, 0x20, 0x0,

    /* U+0052 "R" */
    0x2f, 0xff, 0xff, 0xff, 0xff, 0xda, 0x60, 0x0,
    0x0, 0x2f, 0xff, 0xff, 0xff, 0xff, 0xff, 0xfe,
    0x50, 0x0, 0x2f, 0xff, 0xff, 0xff, 0xff, 0xff,
    0xff, 0xf5, 0x0, 0x2f, 0xff, 0xc2, 0x22, 0x24,
    0x7e, 0xff, 0xfe, 0x0, 0x2f, 0xff, 0xc0, 0x0,
    0x0, 0x1, 0xdf, 0xff, 0x40, 0x2f, 0xff, 0xc0,
    0x0, 0x0, 0x0, 0x7f, 0xff, 0x70, 0x2f, 0xff,
    0xc0, 0x0, 0x0, 0x0, 0x6f, 0xff, 0x70, 0x2f,
    0xff, 0xc0, 0x0, 0x0, 0x0, 0x8f, 0xff, 0x60,
    0x2f, 0xff, 0xc0, 0x0, 0x0, 0x1, 0xef, 0xff,
    0x30, 0x2f, 0xff, 0xc0, 0x0, 0x2, 0x6e, 0xff,
    0xfc, 0x0, 0x2f, 0xff, 0xff, 0xff, 0xff, 0xff,
    0xff, 0xf2, 0x0, 0x2f, 0xff, 0xff, 0xff, 0xff,
    0xff, 0xfd, 0x20, 0x0, 0x2f, 0xff, 0xff, 0xff,
    0xff, 0xff, 0x60, 0x0, 0x0, 0x2f, 0xff, 0xc1,
    0x11, 0xaf, 0xff, 0x80, 0x0, 0x0, 0x2f, 0xff,
    0xc0, 0x0, 0x1f, 0xff, 0xf2, 0x0, 0x0, 0x2f,
    0xff, 0xc0, 0x0, 0x8, 0xff, 0xfb, 0x0, 0x0,
    0x2f, 0xff, 0xc0, 0x0, 0x1, 0xff, 0xff, 0x40,
    0x0, 0x2f, 0xff, 0xc0, 0x0, 0x0, 0x7f, 0xff,
    0xd0, 0x0, 0x2f, 0xff, 0xc0, 0x0, 0x0, 0xe,
    0xff, 0xf6, 0x0, 0x2f, 0xff, 0xc0, 0x0, 0x0,
    0x6, 0xff, 0xfe, 0x0, 0x2f, 0xff, 0xc0, 0x0,
    0x0, 0x0, 0xdf, 0xff, 0x80, 0x2f, 0xff, 0xc0,
    0x0, 0x0, 0x0, 0x5f, 0xff, 0xf2,

    /* U+0053 "S" */
    0x0, 0x0, 0x17, 0xbe, 0xff, 0xd9, 0x40, 0x0,
    0x0, 0x0, 0x5e, 0xff, 0xff, 0xff, 0xff, 0xc3,
    0x0, 0x0, 0x6f, 0xff, 0xff, 0xff, 0xff, 0xff,
    0xf4, 0x0, 0x2f, 0xff, 0xfe, 0x86, 0x7a, 0xff,
    0xfd, 0x10, 0x8, 0xff, 0xfc, 0x0, 0x0, 0x0,
    0x7e, 0x20, 0x0, 0xbf, 0xff, 0x40, 0x0, 0x0,
    0x0, 0x0, 0x0, 0xa, 0xff, 0xf5, 0x0, 0x0,
    0x0, 0x0, 0x0, 0x0, 0x8f, 0xff, 0xe3, 0x0,
    0x0, 0x0, 0x0, 0x0, 0x1, 0xff, 0xff, 0xfb,
    0x40, 0x0, 0x0, 0x0, 0x0, 0x5, 0xff, 0xff,
    0xff, 0xd7, 0x10, 0x0, 0x0, 0x0, 0x4, 0xdf,
    0xff, 0xff, 0xff, 0xa2, 0x0, 0x0, 0x0, 0x0,
    0x6d, 0xff, 0xff, 0xff, 0xf5, 0x0, 0x0, 0x0,
    0x0, 0x3, 0xaf, 0xff, 0xff, 0xf5, 0x0, 0x0,
    0x0, 0x0, 0x0, 0x18, 0xff, 0xff, 0xe0, 0x0,
    0x0, 0x0, 0x0, 0x0, 0x3, 0xff, 0xff, 0x30,
    0x0, 0x0, 0x0, 0x0, 0x0, 0xc, 0xff, 0xf4,
    0x0, 0x60, 0x0, 0x0, 0x0, 0x0, 0xdf, 0xff,
    0x30, 0x9f, 0xd4, 0x0, 0x0, 0x0, 0x6f, 0xff,
    0xf0, 0x6f, 0xff, 0xfe, 0x97, 0x67, 0xcf, 0xff,
    0xf9, 0x1, 0xcf, 0xff, 0xff, 0xff, 0xff, 0xff,
    0xfc, 0x0, 0x0, 0x7e, 0xff, 0xff, 0xff, 0xff,
    0xfa, 0x0, 0x0, 0x0, 0x5, 0xad, 0xff, 0xfc,
    0x82, 0x0, 0x0,

    /* U+0054 "T" */
    0x1f, 0xff, 0xff, 0xff, 0xff, 0xff, 0xff, 0xff,
    0xfb, 0x1f, 0xff, 0xff, 0xff, 0xff, 0xff, 0xff,
    0xff, 0xfb, 0x1f, 0xff, 0xff, 0xff, 0xff, 0xff,
    0xff, 0xff, 0xfb, 0x5, 0x55, 0x55, 0x5c, 0xff,
    0xf7, 0x55, 0x55, 0x53, 0x0, 0x0, 0x0, 0xb,
    0xff, 0xf4, 0x0, 0x0, 0x0, 0x0, 0x0, 0x0,
    0xb, 0xff, 0xf4, 0x0, 0x0, 0x0, 0x0, 0x0,
    0x0, 0xb, 0xff, 0xf4, 0x0, 0x0, 0x0, 0x0,
    0x0, 0x0, 0xb, 0xff, 0xf4, 0x0, 0x0, 0x0,
    0x0, 0x0, 0x0, 0xb, 0xff, 0xf4, 0x0, 0x0,
    0x0, 0x0, 0x0, 0x0, 0xb, 0xff, 0xf4, 0x0,
    0x0, 0x0, 0x0, 0x0, 0x0, 0xb, 0xff, 0xf4,
    0x0, 0x0, 0x0, 0x0, 0x0, 0x0, 0xb, 0xff,
    0xf4, 0x0, 0x0, 0x0, 0x0, 0x0, 0x0, 0xb,
    0xff, 0xf4, 0x0, 0x0, 0x0, 0x0, 0x0, 0x0,
    0xb, 0xff, 0xf4, 0x0, 0x0, 0x0, 0x0, 0x0,
    0x0, 0xb, 0xff, 0xf4, 0x0, 0x0, 0x0, 0x0,
    0x0, 0x0, 0xb, 0xff, 0xf4, 0x0, 0x0, 0x0,
    0x0, 0x0, 0x0, 0xb, 0xff, 0xf4, 0x0, 0x0,
    0x0, 0x0, 0x0, 0x0, 0xb, 0xff, 0xf4, 0x0,
    0x0, 0x0, 0x0, 0x0, 0x0, 0xb, 0xff, 0xf4,
    0x0, 0x0, 0x0, 0x0, 0x0, 0x0, 0xb, 0xff,
    0xf4, 0x0, 0x0, 0x0, 0x0, 0x0, 0x0, 0xb,
    0xff, 0xf4, 0x0, 0x0, 0x0, 0x0, 0x0, 0x0,
    0xb, 0xff, 0xf4, 0x0, 0x0, 0x0,

    /* U+0055 "U" */
    0x4f, 0xff, 0xa0, 0x0, 0x0, 0x0, 0x3, 0xff,
    0xf8, 0x4f, 0xff, 0xa0, 0x0, 0x0, 0x0, 0x3,
    0xff, 0xf8, 0x4f, 0xff, 0xa0, 0x0, 0x0, 0x0,
    0x3, 0xff, 0xf8, 0x4f, 0xff, 0xa0, 0x0, 0x0,
    0x0, 0x3, 0xff, 0xf8, 0x4f, 0xff, 0xa0, 0x0,
    0x0, 0x0, 0x3, 0xff, 0xf8, 0x4f, 0xff, 0xa0,
    0x0, 0x0, 0x0, 0x3, 0xff, 0xf8, 0x4f, 0xff,
    0xa0, 0x0, 0x0, 0x0, 0x3, 0xff, 0xf8, 0x4f,
    0xff, 0xa0, 0x0, 0x0, 0x0, 0x3, 0xff, 0xf8,
    0x4f, 0xff, 0xa0, 0x0, 0x0, 0x0, 0x3, 0xff,
    0xf8, 0x4f, 0xff, 0xa0, 0x0, 0x0, 0x0, 0x3,
    0xff, 0xf8, 0x4f, 0xff, 0xa0, 0x0, 0x0, 0x0,
    0x3, 0xff, 0xf8, 0x4f, 0xff, 0xa0, 0x0, 0x0,
    0x0, 0x3, 0xff, 0xf8, 0x4f, 0xff, 0xa0, 0x0,
    0x0, 0x0, 0x3, 0xff, 0xf8, 0x3f, 0xff, 0xb0,
    0x0, 0x0, 0x0, 0x4, 0xff, 0xf8, 0x2f, 0xff,
    0xc0, 0x0, 0x0, 0x0, 0x5, 0xff, 0xf6, 0xf,
    0xff, 0xf0, 0x0, 0x0, 0x0, 0x9, 0xff, 0xf4,
    0xc, 0xff, 0xf6, 0x0, 0x0, 0x0, 0x1f, 0xff,
    0xf0, 0x6, 0xff, 0xff, 0x30, 0x0, 0x0, 0xbf,
    0xff, 0xb0, 0x0, 0xef, 0xff, 0xfa, 0x76, 0x9e,
    0xff, 0xff, 0x30, 0x0, 0x3f, 0xff, 0xff, 0xff,
    0xff, 0xff, 0xf8, 0x0, 0x0, 0x4, 0xef, 0xff,
    0xff, 0xff, 0xff, 0x70, 0x0, 0x0, 0x0, 0x6,
    0xbe, 0xff, 0xec, 0x82, 0x0, 0x0,

    /* U+0056 "V" */
    0xf, 0xff, 0xf2, 0x0, 0x0, 0x0, 0x0, 0xd,
    0xff, 0xf3, 0xa, 0xff, 0xf7, 0x0, 0x0, 0x0,
    0x0, 0x2f, 0xff, 0xe0, 0x5, 0xff, 0xfb, 0x0,
    0x0, 0x0, 0x0, 0x6f, 0xff, 0x80, 0x1, 0xff,
    0xff, 0x0, 0x0, 0x0, 0x0, 0xbf, 0xff, 0x30,
    0x0, 0xcf, 0xff, 0x40, 0x0, 0x0, 0x0, 0xff,
    0xfe, 0x0, 0x0, 0x7f, 0xff, 0x80, 0x0, 0x0,
    0x4, 0xff, 0xf9, 0x0, 0x0, 0x2f, 0xff, 0xc0,
    0x0, 0x0, 0x9, 0xff, 0xf4, 0x0, 0x0, 0xd,
    0xff, 0xf1, 0x0, 0x0, 0xe, 0xff, 0xf0, 0x0,
    0x0, 0x8, 0xff, 0xf5, 0x0, 0x0, 0x2f, 0xff,
    0xa0, 0x0, 0x0, 0x3, 0xff, 0xf9, 0x0, 0x0,
    0x7f, 0xff, 0x50, 0x0, 0x0, 0x0, 0xef, 0xfe,
    0x0, 0x0, 0xcf, 0xff, 0x0, 0x0, 0x0, 0x0,
    0x9f, 0xff, 0x20, 0x0, 0xff, 0xfa, 0x0, 0x0,
    0x0, 0x0, 0x4f, 0xff, 0x60, 0x4, 0xff, 0xf5,
    0x0, 0x0, 0x0, 0x0, 0xf, 0xff, 0xb0, 0x9,
    0xff, 0xf1, 0x0, 0x0, 0x0, 0x0, 0xa, 0xff,
    0xf0, 0xd, 0xff, 0xb0, 0x0, 0x0, 0x0, 0x0,
    0x5, 0xff, 0xf3, 0x2f, 0xff, 0x60, 0x0, 0x0,
    0x0, 0x0, 0x1, 0xff, 0xf8, 0x6f, 0xff, 0x10,
    0x0, 0x0, 0x0, 0x0, 0x0, 0xbf, 0xfc, 0xaf,
    0xfc, 0x0, 0x0, 0x0, 0x0, 0x0, 0x0, 0x6f,
    0xff, 0xff, 0xf7, 0x0, 0x0, 0x0, 0x0, 0x0,
    0x0, 0x1f, 0xff, 0xff, 0xf2, 0x0, 0x0, 0x0,
    0x0, 0x0, 0x0, 0xc, 0xff, 0xff, 0xc0, 0x0,
    0x0, 0x0, 0x0, 0x0, 0x0, 0x7, 0xff, 0xff,
    0x70, 0x0, 0x0, 0x0,

    /* U+0057 "W" */
    0x4f, 0xff, 0xe0, 0x0, 0x0, 0x5, 0xff, 0xfc,
    0x0, 0x0, 0x0, 0x8f, 0xff, 0x71, 0xff, 0xff,
    0x10, 0x0, 0x0, 0x9f, 0xff, 0xf0, 0x0, 0x0,
    0xa, 0xff, 0xf4, 0xe, 0xff, 0xf4, 0x0, 0x0,
    0xd, 0xff, 0xff, 0x30, 0x0, 0x0, 0xdf, 0xff,
    0x10, 0xbf, 0xff, 0x60, 0x0, 0x0, 0xff, 0xff,
    0xf6, 0x0, 0x0, 0xf, 0xff, 0xe0, 0x8, 0xff,
    0xf9, 0x0, 0x0, 0x4f, 0xff, 0xff, 0xa0, 0x0,
    0x3, 0xff, 0xfb, 0x0, 0x5f, 0xff, 0xc0, 0x0,
    0x8, 0xff, 0xcf, 0xfe, 0x0, 0x0, 0x5f, 0xff,
    0x80, 0x2, 0xff, 0xff, 0x0, 0x0, 0xbf, 0xf8,
    0xff, 0xf1, 0x0, 0x8, 0xff, 0xf5, 0x0, 0xe,
    0xff, 0xf1, 0x0, 0xf, 0xff, 0x4f, 0xff, 0x50,
    0x0, 0xbf, 0xff, 0x20, 0x0, 0xbf, 0xff, 0x40,
    0x3, 0xff, 0xf1, 0xcf, 0xf9, 0x0, 0xe, 0xff,
    0xe0, 0x0, 0x8, 0xff, 0xf7, 0x0, 0x7f, 0xfe,
    0xa, 0xff, 0xc0, 0x0, 0xff, 0xfb, 0x0, 0x0,
    0x5f, 0xff, 0xa0, 0xa, 0xff, 0xb0, 0x7f, 0xff,
    0x0, 0x3f, 0xff, 0x80, 0x0, 0x2, 0xff, 0xfc,
    0x0, 0xef, 0xf7, 0x3, 0xff, 0xf3, 0x6, 0xff,
    0xf5, 0x0, 0x0, 0xf, 0xff, 0xe0, 0x1f, 0xff,
    0x40, 0xf, 0xff, 0x70, 0x8f, 0xff, 0x20, 0x0,
    0x0, 0xcf, 0xff, 0x14, 0xff, 0xf0, 0x0, 0xcf,
    0xfa, 0xa, 0xff, 0xf0, 0x0, 0x0, 0x9, 0xff,
    0xf3, 0x8f, 0xfc, 0x0, 0x9, 0xff, 0xe0, 0xcf,
    0xfc, 0x0, 0x0, 0x0, 0x6f, 0xff, 0x5b, 0xff,
    0x90, 0x0, 0x5f, 0xff, 0x1f, 0xff, 0x90, 0x0,
    0x0, 0x2, 0xff, 0xf7, 0xef, 0xf5, 0x0, 0x2,
    0xff, 0xf5, 0xff, 0xf5, 0x0, 0x0, 0x0, 0xf,
    0xff, 0xaf, 0xff, 0x20, 0x0, 0xe, 0xff, 0xaf,
    0xff, 0x20, 0x0, 0x0, 0x0, 0xcf, 0xff, 0xff,
    0xe0, 0x0, 0x0, 0xbf, 0xff, 0xff, 0xf0, 0x0,
    0x0, 0x0, 0x9, 0xff, 0xff, 0xfa, 0x0, 0x0,
    0x7, 0xff, 0xff, 0xfc, 0x0, 0x0, 0x0, 0x0,
    0x6f, 0xff, 0xff, 0x70, 0x0, 0x0, 0x4f, 0xff,
    0xff, 0x90, 0x0, 0x0, 0x0, 0x3, 0xff, 0xff,
    0xf3, 0x0, 0x0, 0x0, 0xff, 0xff, 0xf6, 0x0,
    0x0,

    /* U+0058 "X" */
    0xd, 0xff, 0xf7, 0x0, 0x0, 0x0, 0xd, 0xff,
    0xf4, 0x5, 0xff, 0xfe, 0x0, 0x0, 0x0, 0x5f,
    0xff, 0xb0, 0x0, 0xcf, 0xff, 0x70, 0x0, 0x0,
    0xdf, 0xff, 0x30, 0x0, 0x3f, 0xff, 0xf1, 0x0,
    0x5, 0xff, 0xfa, 0x0, 0x0, 0xa, 0xff, 0xf8,
    0x0, 0xc, 0xff, 0xf1, 0x0, 0x0, 0x2, 0xff,
    0xff, 0x10, 0x4f, 0xff, 0x80, 0x0, 0x0, 0x0,
    0x8f, 0xff, 0x80, 0xcf, 0xfe, 0x10, 0x0, 0x0,
    0x0, 0x1e, 0xff, 0xf4, 0xff, 0xf7, 0x0, 0x0,
    0x0, 0x0, 0x6, 0xff, 0xff, 0xff, 0xd0, 0x0,
    0x0, 0x0, 0x0, 0x0, 0xdf, 0xff, 0xff, 0x50,
    0x0, 0x0, 0x0, 0x0, 0x0, 0x6f, 0xff, 0xfd,
    0x0, 0x0, 0x0, 0x0, 0x0, 0x0, 0xbf, 0xff,
    0xfe, 0x10, 0x0, 0x0, 0x0, 0x0, 0x4, 0xff,
    0xff, 0xff, 0x90, 0x0, 0x0, 0x0, 0x0, 0xd,
    0xff, 0xcd, 0xff, 0xf2, 0x0, 0x0, 0x0, 0x0,
    0x6f, 0xff, 0x55, 0xff, 0xfb, 0x0, 0x0, 0x0,
    0x0, 0xef, 0xfe, 0x0, 0xcf, 0xff, 0x40, 0x0,
    0x0, 0x7, 0xff, 0xf6, 0x0, 0x5f, 0xff, 0xd0,
    0x0, 0x0, 0x1f, 0xff, 0xe0, 0x0, 0xc, 0xff,
    0xf6, 0x0, 0x0, 0x9f, 0xff, 0x60, 0x0, 0x4,
    0xff, 0xfe, 0x0, 0x2, 0xff, 0xfe, 0x0, 0x0,
    0x0, 0xbf, 0xff, 0x80, 0xb, 0xff, 0xf6, 0x0,
    0x0, 0x0, 0x3f, 0xff, 0xf2, 0x4f, 0xff, 0xd0,
    0x0, 0x0, 0x0, 0xb, 0xff, 0xfa,

    /* U+0059 "Y" */
    0xe, 0xff, 0xf4, 0x0, 0x0, 0x0, 0x2, 0xff,
    0xfe, 0x0, 0x6f, 0xff, 0xb0, 0x0, 0x0, 0x0,
    0x9f, 0xff, 0x70, 0x0, 0xef, 0xff, 0x20, 0x0,
    0x0, 0xf, 0xff, 0xe0, 0x0, 0x7, 0xff, 0xf9,
    0x0, 0x0, 0x7, 0xff, 0xf7, 0x0, 0x0, 0xe,
    0xff, 0xf0, 0x0, 0x0, 0xdf, 0xff, 0x0, 0x0,
    0x0, 0x7f, 0xff, 0x70, 0x0, 0x4f, 0xff, 0x80,
    0x0, 0x0, 0x1, 0xff, 0xfd, 0x0, 0xb, 0xff,
    0xf1, 0x0, 0x0, 0x0, 0x8, 0xff, 0xf3, 0x2,
    0xff, 0xf8, 0x0, 0x0, 0x0, 0x0, 0x1f, 0xff,
    0xa0, 0x8f, 0xff, 0x10, 0x0, 0x0, 0x0, 0x0,
    0x9f, 0xff, 0x2f, 0xff, 0x90, 0x0, 0x0, 0x0,
    0x0, 0x1, 0xff, 0xfd, 0xff, 0xf1, 0x0, 0x0,
    0x0, 0x0, 0x0, 0x9, 0xff, 0xff, 0xf9, 0x0,
    0x0, 0x0, 0x0, 0x0, 0x0, 0x2f, 0xff, 0xff,
    0x20, 0x0, 0x0, 0x0, 0x0, 0x0, 0x0, 0xaf,
    0xff, 0xa0, 0x0, 0x0, 0x0, 0x0, 0x0, 0x0,
    0x7, 0xff, 0xf7, 0x0, 0x0, 0x0, 0x0, 0x0,
    0x0, 0x0, 0x7f, 0xff, 0x70, 0x0, 0x0, 0x0,
    0x0, 0x0, 0x0, 0x7, 0xff, 0xf7, 0x0, 0x0,
    0x0, 0x0, 0x0, 0x0, 0x0, 0x7f, 0xff, 0x70,
    0x0, 0x0, 0x0, 0x0, 0x0, 0x0, 0x7, 0xff,
    0xf7, 0x0, 0x0, 0x0, 0x0, 0x0, 0x0, 0x0,
    0x7f, 0xff, 0x70, 0x0, 0x0, 0x0, 0x0, 0x0,
    0x0, 0x7, 0xff, 0xf7, 0x0, 0x0, 0x0, 0x0,
    0x0, 0x0, 0x0, 0x7f, 0xff, 0x70, 0x0, 0x0,
    0x0,

    /* U+005A "Z" */
    0xa, 0xff, 0xff, 0xff, 0xff, 0xff, 0xff, 0xff,
    0x0, 0xaf, 0xff, 0xff, 0xff, 0xff, 0xff, 0xff,
    0xf0, 0xa, 0xff, 0xff, 0xff, 0xff, 0xff, 0xff,
    0xfd, 0x0, 0x35, 0x55, 0x55, 0x55, 0x56, 0xff,
    0xff, 0x30, 0x0, 0x0, 0x0, 0x0, 0x0, 0xaf,
    0xff, 0x90, 0x0, 0x0, 0x0, 0x0, 0x0, 0x5f,
    0xff, 0xe0, 0x0, 0x0, 0x0, 0x0, 0x0, 0x1e,
    0xff, 0xf4, 0x0, 0x0, 0x0, 0x0, 0x0, 0xa,
    0xff, 0xf9, 0x0, 0x0, 0x0, 0x0, 0x0, 0x5,
    0xff, 0xfe, 0x0, 0x0, 0x0, 0x0, 0x0, 0x1,
    0xef, 0xff, 0x40, 0x0, 0x0, 0x0, 0x0, 0x0,
    0xaf, 0xff, 0xa0, 0x0, 0x0, 0x0, 0x0, 0x0,
    0x4f, 0xff, 0xe1, 0x0, 0x0, 0x0, 0x0, 0x0,
    0xe, 0xff, 0xf4, 0x0, 0x0, 0x0, 0x0, 0x0,
    0x9, 0xff, 0xfa, 0x0, 0x0, 0x0, 0x0, 0x0,
    0x4, 0xff, 0xfe, 0x10, 0x0, 0x0, 0x0, 0x0,
    0x0, 0xdf, 0xff, 0x50, 0x0, 0x0, 0x0, 0x0,
    0x0, 0x9f, 0xff, 0xa0, 0x0, 0x0, 0x0, 0x0,
    0x0, 0x3f, 0xff, 0xe1, 0x0, 0x0, 0x0, 0x0,
    0x0, 0xd, 0xff, 0xf9, 0x55, 0x55, 0x55, 0x55,
    0x55, 0x8, 0xff, 0xff, 0xff, 0xff, 0xff, 0xff,
    0xff, 0xf1, 0xaf, 0xff, 0xff, 0xff, 0xff, 0xff,
    0xff, 0xff, 0x1a, 0xff, 0xff, 0xff, 0xff, 0xff,
    0xff, 0xff, 0xf1,

    /* U+005B "[" */
    0xff, 0xff, 0xff, 0xbf, 0xff, 0xff, 0xfb, 0xff,
    0xf2, 0x22, 0x1f, 0xff, 0x0, 0x0, 0xff, 0xf0,
    0x0, 0xf, 0xff, 0x0, 0x0, 0xff, 0xf0, 0x0,
    0xf, 0xff, 0x0, 0x0, 0xff, 0xf0, 0x0, 0xf,
    0xff, 0x0, 0x0, 0xff, 0xf0, 0x0, 0xf, 0xff,
    0x0, 0x0, 0xff, 0xf0, 0x0, 0xf, 0xff, 0x0,
    0x0, 0xff, 0xf0, 0x0, 0xf, 0xff, 0x0, 0x0,
    0xff, 0xf0, 0x0, 0xf, 0xff, 0x0, 0x0, 0xff,
    0xf0, 0x0, 0xf, 0xff, 0x0, 0x0, 0xff, 0xf0,
    0x0, 0xf, 0xff, 0x0, 0x0, 0xff, 0xf0, 0x0,
    0xf, 0xff, 0x0, 0x0, 0xff, 0xf0, 0x0, 0xf,
    0xff, 0x0, 0x0, 0xff, 0xf2, 0x22, 0x1f, 0xff,
    0xff, 0xfb, 0xff, 0xff, 0xff, 0xb0,

    /* U+005C "\\" */
    0x2f, 0xf7, 0x0, 0x0, 0x0, 0x0, 0xe, 0xfc,
    0x0, 0x0, 0x0, 0x0, 0x9, 0xff, 0x0, 0x0,
    0x0, 0x0, 0x5, 0xff, 0x40, 0x0, 0x0, 0x0,
    0x1, 0xff, 0x90, 0x0, 0x0, 0x0, 0x0, 0xcf,
    0xd0, 0x0, 0x0, 0x0, 0x0, 0x8f, 0xf1, 0x0,
    0x0, 0x0, 0x0, 0x4f, 0xf6, 0x0, 0x0, 0x0,
    0x0, 0xf, 0xfa, 0x0, 0x0, 0x0, 0x0, 0xb,
    0xfe, 0x0, 0x0, 0x0, 0x0, 0x7, 0xff, 0x30,
    0x0, 0x0, 0x0, 0x2, 0xff, 0x70, 0x0, 0x0,
    0x0, 0x0, 0xef, 0xb0, 0x0, 0x0, 0x0, 0x0,
    0xaf, 0xf0, 0x0, 0x0, 0x0, 0x0, 0x5f, 0xf4,
    0x0, 0x0, 0x0, 0x0, 0x1f, 0xf8, 0x0, 0x0,
    0x0, 0x0, 0xd, 0xfd, 0x0, 0x0, 0x0, 0x0,
    0x9, 0xff, 0x10, 0x0, 0x0, 0x0, 0x4, 0xff,
    0x50, 0x0, 0x0, 0x0, 0x0, 0xff, 0xa0, 0x0,
    0x0, 0x0, 0x0, 0xcf, 0xe0, 0x0, 0x0, 0x0,
    0x0, 0x7f, 0xf2, 0x0, 0x0, 0x0, 0x0, 0x3f,
    0xf6, 0x0, 0x0, 0x0, 0x0, 0xe, 0xfb, 0x0,
    0x0, 0x0, 0x0, 0xa, 0xff, 0x0, 0x0, 0x0,
    0x0, 0x6, 0xff, 0x30, 0x0, 0x0, 0x0, 0x2,
    0xff, 0x80, 0x0, 0x0, 0x0, 0x0, 0xdf, 0xc0,
    0x0, 0x0, 0x0, 0x0, 0x9f, 0xf1, 0x0, 0x0,
    0x0, 0x0, 0x38, 0x82,

    /* U+005D "]" */
    0xbf, 0xff, 0xff, 0xfb, 0xff, 0xff, 0xff, 0x12,
    0x22, 0xff, 0xf0, 0x0, 0xf, 0xff, 0x0, 0x0,
    0xff, 0xf0, 0x0, 0xf, 0xff, 0x0, 0x0, 0xff,
    0xf0, 0x0, 0xf, 0xff, 0x0, 0x0, 0xff, 0xf0,
    0x0, 0xf, 0xff, 0x0, 0x0, 0xff, 0xf0, 0x0,
    0xf, 0xff, 0x0, 0x0, 0xff, 0xf0, 0x0, 0xf,
    0xff, 0x0, 0x0, 0xff, 0xf0, 0x0, 0xf, 0xff,
    0x0, 0x0, 0xff, 0xf0, 0x0, 0xf, 0xff, 0x0,
    0x0, 0xff, 0xf0, 0x0, 0xf, 0xff, 0x0, 0x0,
    0xff, 0xf0, 0x0, 0xf, 0xff, 0x0, 0x0, 0xff,
    0xf0, 0x0, 0xf, 0xff, 0x0, 0x0, 0xff, 0xf0,
    0x0, 0xf, 0xff, 0x12, 0x22, 0xff, 0xfb, 0xff,
    0xff, 0xff, 0xbf, 0xff, 0xff, 0xf0,

    /* U+005E "^" */
    0x0, 0x0, 0x2, 0xff, 0xf8, 0x0, 0x0, 0x0,
    0x0, 0x0, 0x8f, 0xff, 0xe0, 0x0, 0x0, 0x0,
    0x0, 0xe, 0xff, 0xff, 0x50, 0x0, 0x0, 0x0,
    0x5, 0xff, 0xdf, 0xfc, 0x0, 0x0, 0x0, 0x0,
    0xbf, 0xf4, 0xdf, 0xf2, 0x0, 0x0, 0x0, 0x2f,
    0xfe, 0x8, 0xff, 0x80, 0x0, 0x0, 0x8, 0xff,
    0x80, 0x2f, 0xfe, 0x0, 0x0, 0x0, 0xef, 0xf3,
    0x0, 0xcf, 0xf5, 0x0, 0x0, 0x5f, 0xfd, 0x0,
    0x6, 0xff, 0xc0, 0x0, 0xb, 0xff, 0x70, 0x0,
    0xf, 0xff, 0x20, 0x2, 0xff, 0xf1, 0x0, 0x0,
    0xaf, 0xf9, 0x0, 0x8f, 0xfb, 0x0, 0x0, 0x4,
    0xff, 0xf0, 0xe, 0xff, 0x50, 0x0, 0x0, 0xe,
    0xff, 0x60,

    /* U+005F "_" */
    0x35, 0x55, 0x55, 0x55, 0x55, 0x55, 0x55, 0x55,
    0x39, 0xff, 0xff, 0xff, 0xff, 0xff, 0xff, 0xff,
    0xf9, 0x9f, 0xff, 0xff, 0xff, 0xff, 0xff, 0xff,
    0xff, 0x90,

    /* U+0060 "`" */
    0x4f, 0xff, 0xf4, 0x0, 0x0, 0x6, 0xff, 0xfe,
    0x10, 0x0, 0x0, 0x6f, 0xff, 0xa0, 0x0, 0x0,
    0x6, 0xff, 0xf6, 0x0, 0x0, 0x0, 0x6f, 0xff,
    0x20, 0x0, 0x0, 0x7, 0xff, 0xc0,

    /* U+0061 "a" */
    0x0, 0x1, 0x6a, 0xef, 0xfe, 0xa3, 0x0, 0x0,
    0x19, 0xff, 0xff, 0xff, 0xff, 0xf6, 0x0, 0x8,
    0xff, 0xff, 0xff, 0xff, 0xff, 0xf3, 0x0, 0x1e,
    0xfd, 0x74, 0x36, 0xdf, 0xff, 0xb0, 0x0, 0x54,
    0x0, 0x0, 0x1, 0xff, 0xff, 0x0, 0x0, 0x0,
    0x0, 0x0, 0xa, 0xff, 0xf3, 0x0, 0x0, 0x0,
    0x25, 0x8a, 0xef, 0xff, 0x40, 0x0, 0x29, 0xef,
    0xff, 0xff, 0xff, 0xf5, 0x0, 0x9f, 0xff, 0xff,
    0xfe, 0xef, 0xff, 0x50, 0x9f, 0xff, 0xf9, 0x41,
    0x9, 0xff, 0xf5, 0x2f, 0xff, 0xe2, 0x0, 0x0,
    0x9f, 0xff, 0x56, 0xff, 0xf7, 0x0, 0x0, 0x9,
    0xff, 0xf5, 0x6f, 0xff, 0x70, 0x0, 0x2, 0xdf,
    0xff, 0x54, 0xff, 0xff, 0x63, 0x38, 0xff, 0xff,
    0xf5, 0xe, 0xff, 0xff, 0xff, 0xff, 0xff, 0xff,
    0x50, 0x4f, 0xff, 0xff, 0xff, 0xb3, 0xff, 0xf5,
    0x0, 0x2a, 0xef, 0xeb, 0x40, 0xf, 0xff, 0x50,

    /* U+0062 "b" */
    0x8f, 0xff, 0x60, 0x0, 0x0, 0x0, 0x0, 0x0,
    0x8f, 0xff, 0x60, 0x0, 0x0, 0x0, 0x0, 0x0,
    0x8f, 0xff, 0x60, 0x0, 0x0, 0x0, 0x0, 0x0,
    0x8f, 0xff, 0x60, 0x0, 0x0, 0x0, 0x0, 0x0,
    0x8f, 0xff, 0x60, 0x0, 0x0, 0x0, 0x0, 0x0,
    0x8f, 0xff, 0x60, 0x0, 0x0, 0x0, 0x0, 0x0,
    0x8f, 0xff, 0x60, 0x0, 0x0, 0x0, 0x0, 0x0,
    0x8f, 0xff, 0x50, 0x5c, 0xff, 0xd9, 0x10, 0x0,
    0x8f, 0xff, 0x7c, 0xff, 0xff, 0xff, 0xf4, 0x0,
    0x8f, 0xff, 0xff, 0xff, 0xff, 0xff, 0xff, 0x20,
    0x8f, 0xff, 0xff, 0x94, 0x48, 0xff, 0xff, 0xb0,
    0x8f, 0xff, 0xd2, 0x0, 0x0, 0x4f, 0xff, 0xf2,
    0x8f, 0xff, 0x60, 0x0, 0x0, 0xb, 0xff, 0xf6,
    0x8f, 0xff, 0x60, 0x0, 0x0, 0x7, 0xff, 0xf9,
    0x8f, 0xff, 0x60, 0x0, 0x0, 0x5, 0xff, 0xfb,
    0x8f, 0xff, 0x60, 0x0, 0x0, 0x5, 0xff, 0xfb,
    0x8f, 0xff, 0x60, 0x0, 0x0, 0x6, 0xff, 0xfa,
    0x8f, 0xff, 0x60, 0x0, 0x0, 0x9, 0xff, 0xf8,
    0x8f, 0xff, 0x60, 0x0, 0x0, 0xe, 0xff, 0xf4,
    0x8f, 0xff, 0x90, 0x0, 0x0, 0x9f, 0xff, 0xe0,
    0x8f, 0xff, 0xfd, 0x63, 0x4b, 0xff, 0xff, 0x50,
    0x8f, 0xff, 0xff, 0xff, 0xff, 0xff, 0xfa, 0x0,
    0x8f, 0xfd, 0x6f, 0xff, 0xff, 0xff, 0x90, 0x0,
    0x8f, 0xfa, 0x1, 0x9d, 0xfe, 0xb4, 0x0, 0x0,

    /* U+0063 "c" */
    0x0, 0x0, 0x6, 0xbe, 0xff, 0xc7, 0x10, 0x0,
    0x4, 0xef, 0xff, 0xff, 0xff, 0xe4, 0x0, 0x5f,
    0xff, 0xff, 0xff, 0xff, 0xf3, 0x3, 0xff, 0xff,
    0xe7, 0x33, 0x7f, 0x60, 0xc, 0xff, 0xfc, 0x10,
    0x0, 0x1, 0x0, 0x2f, 0xff, 0xf2, 0x0, 0x0,
    0x0, 0x0, 0x6f, 0xff, 0xb0, 0x0, 0x0, 0x0,
    0x0, 0x9f, 0xff, 0x70, 0x0, 0x0, 0x0, 0x0,
    0x9f, 0xff, 0x60, 0x0, 0x0, 0x0, 0x0, 0x9f,
    0xff, 0x70, 0x0, 0x0, 0x0, 0x0, 0x7f, 0xff,
    0xb0, 0x0, 0x0, 0x0, 0x0, 0x3f, 0xff, 0xf2,
    0x0, 0x0, 0x0, 0x0, 0xd, 0xff, 0xfc, 0x0,
    0x0, 0x0, 0x20, 0x4, 0xff, 0xff, 0xd6, 0x33,
    0x7e, 0xe0, 0x0, 0x7f, 0xff, 0xff, 0xff, 0xff,
    0xf9, 0x0, 0x6, 0xff, 0xff, 0xff, 0xff, 0xd3,
    0x0, 0x0, 0x17, 0xcf, 0xfe, 0xb6, 0x0,

    /* U+0064 "d" */
    0x0, 0x0, 0x0, 0x0, 0x0, 0x3, 0xff, 0xfb,
    0x0, 0x0, 0x0, 0x0, 0x0, 0x3, 0xff, 0xfb,
    0x0, 0x0, 0x0, 0x0, 0x0, 0x3, 0xff, 0xfb,
    0x0, 0x0, 0x0, 0x0, 0x0, 0x3, 0xff, 0xfb,
    0x0, 0x0, 0x0, 0x0, 0x0, 0x3, 0xff, 0xfb,
    0x0, 0x0, 0x0, 0x0, 0x0, 0x3, 0xff, 0xfb,
    0x0, 0x0, 0x0, 0x0, 0x0, 0x3, 0xff, 0xfb,
    0x0, 0x0, 0x3a, 0xef, 0xeb, 0x32, 0xff, 0xfb,
    0x0, 0x8, 0xff, 0xff, 0xff, 0xf9, 0xff, 0xfb,
    0x0, 0x8f, 0xff, 0xff, 0xff, 0xff, 0xff, 0xfb,
    0x4, 0xff, 0xff, 0xc5, 0x35, 0xbf, 0xff, 0xfb,
    0xc, 0xff, 0xfb, 0x0, 0x0, 0x6, 0xff, 0xfb,
    0x2f, 0xff, 0xf2, 0x0, 0x0, 0x3, 0xff, 0xfb,
    0x5f, 0xff, 0xc0, 0x0, 0x0, 0x3, 0xff, 0xfb,
    0x7f, 0xff, 0x90, 0x0, 0x0, 0x3, 0xff, 0xfb,
    0x8f, 0xff, 0x80, 0x0, 0x0, 0x3, 0xff, 0xfb,
    0x7f, 0xff, 0x90, 0x0, 0x0, 0x3, 0xff, 0xfb,
    0x6f, 0xff, 0xb0, 0x0, 0x0, 0x3, 0xff, 0xfb,
    0x3f, 0xff, 0xf0, 0x0, 0x0, 0x3, 0xff, 0xfb,
    0xe, 0xff, 0xf9, 0x0, 0x0, 0xb, 0xff, 0xfb,
    0x7, 0xff, 0xff, 0xa4, 0x36, 0xdf, 0xff, 0xfb,
    0x0, 0xdf, 0xff, 0xff, 0xff, 0xff, 0xff, 0xfb,
    0x0, 0x1c, 0xff, 0xff, 0xff, 0xf6, 0xbf, 0xfb,
    0x0, 0x0, 0x6c, 0xff, 0xd9, 0x10, 0x9f, 0xfb,

    /* U+0065 "e" */
    0x0, 0x0, 0x18, 0xcf, 0xfe, 0xa3, 0x0, 0x0,
    0x0, 0x5f, 0xff, 0xff, 0xff, 0xf8, 0x0, 0x0,
    0x6f, 0xff, 0xff, 0xff, 0xff, 0xf7, 0x0, 0x3f,
    0xff, 0xf8, 0x21, 0x4d, 0xff, 0xf1, 0xc, 0xff,
    0xf4, 0x0, 0x0, 0x1f, 0xff, 0x73, 0xff, 0xfb,
    0x0, 0x0, 0x0, 0xaf, 0xfb, 0x7f, 0xff, 0x60,
    0x0, 0x0, 0x8, 0xff, 0xe9, 0xff, 0xff, 0xff,
    0xff, 0xff, 0xff, 0xff, 0xaf, 0xff, 0xff, 0xff,
    0xff, 0xff, 0xff, 0xf9, 0xff, 0xff, 0xff, 0xff,
    0xff, 0xff, 0xfd, 0x7f, 0xff, 0x70, 0x0, 0x0,
    0x0, 0x0, 0x3, 0xff, 0xfd, 0x0, 0x0, 0x0,
    0x0, 0x0, 0xd, 0xff, 0xfa, 0x0, 0x0, 0x0,
    0x0, 0x0, 0x4f, 0xff, 0xfc, 0x62, 0x13, 0x7d,
    0x60, 0x0, 0x7f, 0xff, 0xff, 0xff, 0xff, 0xfe,
    0x0, 0x0, 0x6f, 0xff, 0xff, 0xff, 0xff, 0xc1,
    0x0, 0x0, 0x17, 0xce, 0xff, 0xd9, 0x30, 0x0,

    /* U+0066 "f" */
    0x0, 0x0, 0x3, 0xae, 0xff, 0xc6, 0x0, 0x0,
    0x6f, 0xff, 0xff, 0xf7, 0x0, 0x2, 0xff, 0xff,
    0xff, 0xf3, 0x0, 0x8, 0xff, 0xfc, 0x21, 0x30,
    0x0, 0xb, 0xff, 0xf4, 0x0, 0x0, 0x0, 0xd,
    0xff, 0xf1, 0x0, 0x0, 0x0, 0xd, 0xff, 0xf1,
    0x0, 0x0, 0x5f, 0xff, 0xff, 0xff, 0xff, 0x50,
    0x5f, 0xff, 0xff, 0xff, 0xff, 0x50, 0x4f, 0xff,
    0xff, 0xff, 0xff, 0x50, 0x0, 0xd, 0xff, 0xf1,
    0x0, 0x0, 0x0, 0xd, 0xff, 0xf1, 0x0, 0x0,
    0x0, 0xd, 0xff, 0xf1, 0x0, 0x0, 0x0, 0xd,
    0xff, 0xf1, 0x0, 0x0, 0x0, 0xd, 0xff, 0xf1,
    0x0, 0x0, 0x0, 0xd, 0xff, 0xf1, 0x0, 0x0,
    0x0, 0xd, 0xff, 0xf1, 0x0, 0x0, 0x0, 0xd,
    0xff, 0xf1, 0x0, 0x0, 0x0, 0xd, 0xff, 0xf1,
    0x0, 0x0, 0x0, 0xd, 0xff, 0xf1, 0x0, 0x0,
    0x0, 0xd, 0xff, 0xf1, 0x0, 0x0, 0x0, 0xd,
    0xff, 0xf1, 0x0, 0x0, 0x0, 0xd, 0xff, 0xf1,
    0x0, 0x0, 0x0, 0xd, 0xff, 0xf1, 0x0, 0x0,

    /* U+0067 "g" */
    0x0, 0x0, 0x6c, 0xef, 0xff, 0xff, 0xff, 0xff,
    0x0, 0x3, 0xef, 0xff, 0xff, 0xff, 0xff, 0xff,
    0xf0, 0x1, 0xef, 0xff, 0xdb, 0xdf, 0xff, 0xfe,
    0xed, 0x0, 0xaf, 0xff, 0x70, 0x0, 0x7f, 0xff,
    0x20, 0x0, 0xf, 0xff, 0xc0, 0x0, 0x0, 0xdf,
    0xfa, 0x0, 0x1, 0xff, 0xf9, 0x0, 0x0, 0xa,
    0xff, 0xc0, 0x0, 0xf, 0xff, 0xa0, 0x0, 0x0,
    0xaf, 0xfc, 0x0, 0x0, 0xcf, 0xfe, 0x10, 0x0,
    0x1f, 0xff, 0x90, 0x0, 0x4, 0xff, 0xfc, 0x20,
    0x3c, 0xff, 0xf2, 0x0, 0x0, 0x8, 0xff, 0xff,
    0xff, 0xff, 0xf7, 0x0, 0x0, 0x0, 0x5f, 0xff,
    0xff, 0xff, 0xd5, 0x0, 0x0, 0x0, 0x3f, 0xfc,
    0x25, 0x65, 0x30, 0x0, 0x0, 0x0, 0xa, 0xff,
    0x70, 0x0, 0x0, 0x0, 0x0, 0x0, 0x0, 0xbf,
    0xfd, 0x41, 0x11, 0x10, 0x0, 0x0, 0x0, 0x7,
    0xff, 0xff, 0xff, 0xff, 0xff, 0xd9, 0x20, 0x0,
    0xa, 0xff, 0xff, 0xff, 0xff, 0xff, 0xff, 0x50,
    0x1, 0xdf, 0xfd, 0xff, 0xff, 0xff, 0xff, 0xfe,
    0x0, 0xdf, 0xf3, 0x0, 0x0, 0x1, 0x5e, 0xff,
    0xf2, 0x7f, 0xfb, 0x0, 0x0, 0x0, 0x0, 0x9f,
    0xff, 0x2a, 0xff, 0xb0, 0x0, 0x0, 0x0, 0xc,
    0xff, 0xf0, 0x8f, 0xff, 0x60, 0x0, 0x0, 0x9,
    0xff, 0xf8, 0x2, 0xff, 0xff, 0xea, 0x88, 0xbf,
    0xff, 0xfb, 0x0, 0x4, 0xef, 0xff, 0xff, 0xff,
    0xff, 0xf7, 0x0, 0x0, 0x1, 0x7b, 0xef, 0xff,
    0xda, 0x60, 0x0, 0x0,

    /* U+0068 "h" */
    0x8f, 0xff, 0x60, 0x0, 0x0, 0x0, 0x0, 0x8,
    0xff, 0xf6, 0x0, 0x0, 0x0, 0x0, 0x0, 0x8f,
    0xff, 0x60, 0x0, 0x0, 0x0, 0x0, 0x8, 0xff,
    0xf6, 0x0, 0x0, 0x0, 0x0, 0x0, 0x8f, 0xff,
    0x60, 0x0, 0x0, 0x0, 0x0, 0x8, 0xff, 0xf6,
    0x0, 0x0, 0x0, 0x0, 0x0, 0x8f, 0xff, 0x60,
    0x0, 0x0, 0x0, 0x0, 0x8, 0xff, 0xf5, 0x2,
    0xae, 0xfe, 0xb3, 0x0, 0x8f, 0xff, 0x47, 0xff,
    0xff, 0xff, 0xf5, 0x8, 0xff, 0xfd, 0xff, 0xff,
    0xff, 0xff, 0xe0, 0x8f, 0xff, 0xff, 0xc7, 0x6a,
    0xff, 0xff, 0x58, 0xff, 0xff, 0x70, 0x0, 0xa,
    0xff, 0xf9, 0x8f, 0xff, 0x70, 0x0, 0x0, 0x5f,
    0xff, 0xb8, 0xff, 0xf6, 0x0, 0x0, 0x3, 0xff,
    0xfb, 0x8f, 0xff, 0x60, 0x0, 0x0, 0x3f, 0xff,
    0xb8, 0xff, 0xf6, 0x0, 0x0, 0x3, 0xff, 0xfb,
    0x8f, 0xff, 0x60, 0x0, 0x0, 0x3f, 0xff, 0xb8,
    0xff, 0xf6, 0x0, 0x0, 0x3, 0xff, 0xfb, 0x8f,
    0xff, 0x60, 0x0, 0x0, 0x3f, 0xff, 0xb8, 0xff,
    0xf6, 0x0, 0x0, 0x3, 0xff, 0xfb, 0x8f, 0xff,
    0x60, 0x0, 0x0, 0x3f, 0xff, 0xb8, 0xff, 0xf6,
    0x0, 0x0, 0x3, 0xff, 0xfb, 0x8f, 0xff, 0x60,
    0x0, 0x0, 0x3f, 0xff, 0xb8, 0xff, 0xf6, 0x0,
    0x0, 0x3, 0xff, 0xfb,

    /* U+0069 "i" */
    0x3d, 0xfc, 0x2c, 0xff, 0xfa, 0xef, 0xff, 0xb7,
    0xff, 0xf5, 0x4, 0x63, 0x0, 0x0, 0x0, 0x0,
    0x0, 0x8, 0xff, 0xf6, 0x8f, 0xff, 0x68, 0xff,
    0xf6, 0x8f, 0xff, 0x68, 0xff, 0xf6, 0x8f, 0xff,
    0x68, 0xff, 0xf6, 0x8f, 0xff, 0x68, 0xff, 0xf6,
    0x8f, 0xff, 0x68, 0xff, 0xf6, 0x8f, 0xff, 0x68,
    0xff, 0xf6, 0x8f, 0xff, 0x68, 0xff, 0xf6, 0x8f,
    0xff, 0x68, 0xff, 0xf6,

    /* U+006A "j" */
    0x0, 0x0, 0x2c, 0xfc, 0x20, 0x0, 0xb, 0xff,
    0xfb, 0x0, 0x0, 0xdf, 0xff, 0xc0, 0x0, 0x6,
    0xff, 0xf6, 0x0, 0x0, 0x3, 0x63, 0x0, 0x0,
    0x0, 0x0, 0x0, 0x0, 0x0, 0x0, 0x0, 0x0,
    0x0, 0x7, 0xff, 0xf7, 0x0, 0x0, 0x7f, 0xff,
    0x70, 0x0, 0x7, 0xff, 0xf7, 0x0, 0x0, 0x7f,
    0xff, 0x70, 0x0, 0x7, 0xff, 0xf7, 0x0, 0x0,
    0x7f, 0xff, 0x70, 0x0, 0x7, 0xff, 0xf7, 0x0,
    0x0, 0x7f, 0xff, 0x70, 0x0, 0x7, 0xff, 0xf7,
    0x0, 0x0, 0x7f, 0xff, 0x70, 0x0, 0x7, 0xff,
    0xf7, 0x0, 0x0, 0x7f, 0xff, 0x70, 0x0, 0x7,
    0xff, 0xf7, 0x0, 0x0, 0x7f, 0xff, 0x70, 0x0,
    0x7, 0xff, 0xf7, 0x0, 0x0, 0x7f, 0xff, 0x70,
    0x0, 0x7, 0xff, 0xf7, 0x0, 0x0, 0x7f, 0xff,
    0x70, 0x0, 0x8, 0xff, 0xf6, 0x0, 0x0, 0xaf,
    0xff, 0x40, 0x31, 0x4f, 0xff, 0xf1, 0xf, 0xff,
    0xff, 0xfb, 0x4, 0xff, 0xff, 0xfe, 0x20, 0x5d,
    0xff, 0xe9, 0x10, 0x0,

    /* U+006B "k" */
    0x8f, 0xff, 0x50, 0x0, 0x0, 0x0, 0x0, 0x0,
    0x8f, 0xff, 0x50, 0x0, 0x0, 0x0, 0x0, 0x0,
    0x8f, 0xff, 0x50, 0x0, 0x0, 0x0, 0x0, 0x0,
    0x8f, 0xff, 0x50, 0x0, 0x0, 0x0, 0x0, 0x0,
    0x8f, 0xff, 0x50, 0x0, 0x0, 0x0, 0x0, 0x0,
    0x8f, 0xff, 0x50, 0x0, 0x0, 0x0, 0x0, 0x0,
    0x8f, 0xff, 0x50, 0x0, 0x0, 0x0, 0x0, 0x0,
    0x8f, 0xff, 0x50, 0x0, 0x0, 0xcf, 0xff, 0x70,
    0x8f, 0xff, 0x50, 0x0, 0x9, 0xff, 0xfa, 0x0,
    0x8f, 0xff, 0x50, 0x0, 0x6f, 0xff, 0xc0, 0x0,
    0x8f, 0xff, 0x50, 0x3, 0xff, 0xfe, 0x10, 0x0,
    0x8f, 0xff, 0x50, 0x1e, 0xff, 0xf3, 0x0, 0x0,
    0x8f, 0xff, 0x50, 0xbf, 0xff, 0x60, 0x0, 0x0,
    0x8f, 0xff, 0x58, 0xff, 0xf9, 0x0, 0x0, 0x0,
    0x8f, 0xff, 0xaf, 0xff, 0xf9, 0x0, 0x0, 0x0,
    0x8f, 0xff, 0xff, 0xff, 0xff, 0x30, 0x0, 0x0,
    0x8f, 0xff, 0xff, 0xef, 0xff, 0xc0, 0x0, 0x0,
    0x8f, 0xff, 0xff, 0x38, 0xff, 0xf6, 0x0, 0x0,
    0x8f, 0xff, 0xf5, 0x0, 0xef, 0xff, 0x10, 0x0,
    0x8f, 0xff, 0x80, 0x0, 0x6f, 0xff, 0xa0, 0x0,
    0x8f, 0xff, 0x50, 0x0, 0xc, 0xff, 0xf4, 0x0,
    0x8f, 0xff, 0x50, 0x0, 0x3, 0xff, 0xfd, 0x0,
    0x8f, 0xff, 0x50, 0x0, 0x0, 0xaf, 0xff, 0x80,
    0x8f, 0xff, 0x50, 0x0, 0x0, 0x1f, 0xff, 0xf2,

    /* U+006C "l" */
    0x8f, 0xff, 0x60, 0x8, 0xff, 0xf6, 0x0, 0x8f,
    0xff, 0x60, 0x8, 0xff, 0xf6, 0x0, 0x8f, 0xff,
    0x60, 0x8, 0xff, 0xf6, 0x0, 0x8f, 0xff, 0x60,
    0x8, 0xff, 0xf6, 0x0, 0x8f, 0xff, 0x60, 0x8,
    0xff, 0xf6, 0x0, 0x8f, 0xff, 0x60, 0x8, 0xff,
    0xf6, 0x0, 0x8f, 0xff, 0x60, 0x8, 0xff, 0xf6,
    0x0, 0x8f, 0xff, 0x60, 0x8, 0xff, 0xf6, 0x0,
    0x8f, 0xff, 0x60, 0x8, 0xff, 0xf6, 0x0, 0x8f,
    0xff, 0x60, 0x8, 0xff, 0xf6, 0x0, 0x7f, 0xff,
    0xa2, 0x3, 0xff, 0xff, 0xf0, 0xc, 0xff, 0xff,
    0x20, 0x1a, 0xff, 0xe3,

    /* U+006D "m" */
    0x8f, 0xfc, 0x0, 0x4b, 0xff, 0xe9, 0x10, 0x0,
    0x4b, 0xef, 0xd9, 0x10, 0x8, 0xff, 0xd0, 0x9f,
    0xff, 0xff, 0xfd, 0x10, 0x9f, 0xff, 0xff, 0xfd,
    0x10, 0x8f, 0xff, 0xbf, 0xff, 0xff, 0xff, 0xfa,
    0xbf, 0xff, 0xff, 0xff, 0xf9, 0x8, 0xff, 0xff,
    0xfb, 0x67, 0xdf, 0xff, 0xff, 0xfb, 0x67, 0xdf,
    0xff, 0xf0, 0x8f, 0xff, 0xf6, 0x0, 0x1, 0xef,
    0xff, 0xf6, 0x0, 0x1, 0xff, 0xff, 0x38, 0xff,
    0xf7, 0x0, 0x0, 0xa, 0xff, 0xf7, 0x0, 0x0,
    0xb, 0xff, 0xf5, 0x8f, 0xff, 0x60, 0x0, 0x0,
    0x8f, 0xff, 0x60, 0x0, 0x0, 0x9f, 0xff, 0x68,
    0xff, 0xf6, 0x0, 0x0, 0x8, 0xff, 0xf6, 0x0,
    0x0, 0x9, 0xff, 0xf6, 0x8f, 0xff, 0x60, 0x0,
    0x0, 0x8f, 0xff, 0x60, 0x0, 0x0, 0x9f, 0xff,
    0x68, 0xff, 0xf6, 0x0, 0x0, 0x8, 0xff, 0xf6,
    0x0, 0x0, 0x9, 0xff, 0xf6, 0x8f, 0xff, 0x60,
    0x0, 0x0, 0x8f, 0xff, 0x60, 0x0, 0x0, 0x9f,
    0xff, 0x68, 0xff, 0xf6, 0x0, 0x0, 0x8, 0xff,
    0xf6, 0x0, 0x0, 0x9, 0xff, 0xf6, 0x8f, 0xff,
    0x60, 0x0, 0x0, 0x8f, 0xff, 0x60, 0x0, 0x0,
    0x9f, 0xff, 0x68, 0xff, 0xf6, 0x0, 0x0, 0x8,
    0xff, 0xf6, 0x0, 0x0, 0x9, 0xff, 0xf6, 0x8f,
    0xff, 0x60, 0x0, 0x0, 0x8f, 0xff, 0x60, 0x0,
    0x0, 0x9f, 0xff, 0x68, 0xff, 0xf6, 0x0, 0x0,
    0x8, 0xff, 0xf6, 0x0, 0x0, 0x9, 0xff, 0xf6,
    0x8f, 0xff, 0x60, 0x0, 0x0, 0x8f, 0xff, 0x60,
    0x0, 0x0, 0x9f, 0xff, 0x60,

    /* U+006E "n" */
    0x8f, 0xfc, 0x0, 0x3a, 0xef, 0xeb, 0x30, 0x8,
    0xff, 0xd0, 0x9f, 0xff, 0xff, 0xff, 0x50, 0x8f,
    0xff, 0xcf, 0xff, 0xff, 0xff, 0xfe, 0x8, 0xff,
    0xff, 0xfc, 0x76, 0xaf, 0xff, 0xf5, 0x8f, 0xff,
    0xf7, 0x0, 0x0, 0xaf, 0xff, 0x98, 0xff, 0xf7,
    0x0, 0x0, 0x5, 0xff, 0xfb, 0x8f, 0xff, 0x60,
    0x0, 0x0, 0x3f, 0xff, 0xb8, 0xff, 0xf6, 0x0,
    0x0, 0x3, 0xff, 0xfb, 0x8f, 0xff, 0x60, 0x0,
    0x0, 0x3f, 0xff, 0xb8, 0xff, 0xf6, 0x0, 0x0,
    0x3, 0xff, 0xfb, 0x8f, 0xff, 0x60, 0x0, 0x0,
    0x3f, 0xff, 0xb8, 0xff, 0xf6, 0x0, 0x0, 0x3,
    0xff, 0xfb, 0x8f, 0xff, 0x60, 0x0, 0x0, 0x3f,
    0xff, 0xb8, 0xff, 0xf6, 0x0, 0x0, 0x3, 0xff,
    0xfb, 0x8f, 0xff, 0x60, 0x0, 0x0, 0x3f, 0xff,
    0xb8, 0xff, 0xf6, 0x0, 0x0, 0x3, 0xff, 0xfb,
    0x8f, 0xff, 0x60, 0x0, 0x0, 0x3f, 0xff, 0xb0,

    /* U+006F "o" */
    0x0, 0x0, 0x17, 0xcf, 0xfe, 0xb5, 0x0, 0x0,
    0x0, 0x0, 0x5f, 0xff, 0xff, 0xff, 0xfc, 0x20,
    0x0, 0x0, 0x6f, 0xff, 0xff, 0xff, 0xff, 0xfe,
    0x20, 0x0, 0x3f, 0xff, 0xfb, 0x43, 0x6d, 0xff,
    0xfd, 0x0, 0xc, 0xff, 0xf9, 0x0, 0x0, 0x1d,
    0xff, 0xf7, 0x2, 0xff, 0xff, 0x0, 0x0, 0x0,
    0x5f, 0xff, 0xd0, 0x6f, 0xff, 0xa0, 0x0, 0x0,
    0x0, 0xff, 0xff, 0x19, 0xff, 0xf7, 0x0, 0x0,
    0x0, 0xc, 0xff, 0xf3, 0x9f, 0xff, 0x60, 0x0,
    0x0, 0x0, 0xbf, 0xff, 0x49, 0xff, 0xf7, 0x0,
    0x0, 0x0, 0xc, 0xff, 0xf3, 0x6f, 0xff, 0xa0,
    0x0, 0x0, 0x0, 0xff, 0xff, 0x12, 0xff, 0xfe,
    0x0, 0x0, 0x0, 0x5f, 0xff, 0xd0, 0xc, 0xff,
    0xf9, 0x0, 0x0, 0x1d, 0xff, 0xf7, 0x0, 0x3f,
    0xff, 0xfa, 0x43, 0x5d, 0xff, 0xfd, 0x0, 0x0,
    0x6f, 0xff, 0xff, 0xff, 0xff, 0xfe, 0x20, 0x0,
    0x0, 0x5f, 0xff, 0xff, 0xff, 0xfc, 0x20, 0x0,
    0x0, 0x0, 0x17, 0xcf, 0xfe, 0xb5, 0x0, 0x0,
    0x0,

    /* U+0070 "p" */
    0x8f, 0xfc, 0x0, 0x6c, 0xff, 0xd9, 0x20, 0x0,
    0x8f, 0xfe, 0x4e, 0xff, 0xff, 0xff, 0xf4, 0x0,
    0x8f, 0xff, 0xff, 0xff, 0xff, 0xff, 0xff, 0x20,
    0x8f, 0xff, 0xff, 0x94, 0x48, 0xff, 0xff, 0xb0,
    0x8f, 0xff, 0xd2, 0x0, 0x0, 0x4f, 0xff, 0xf2,
    0x8f, 0xff, 0x60, 0x0, 0x0, 0xb, 0xff, 0xf6,
    0x8f, 0xff, 0x60, 0x0, 0x0, 0x7, 0xff, 0xf9,
    0x8f, 0xff, 0x60, 0x0, 0x0, 0x5, 0xff, 0xfb,
    0x8f, 0xff, 0x60, 0x0, 0x0, 0x5, 0xff, 0xfb,
    0x8f, 0xff, 0x60, 0x0, 0x0, 0x6, 0xff, 0xfa,
    0x8f, 0xff, 0x60, 0x0, 0x0, 0x9, 0xff, 0xf8,
    0x8f, 0xff, 0x60, 0x0, 0x0, 0xe, 0xff, 0xf4,
    0x8f, 0xff, 0x90, 0x0, 0x0, 0x9f, 0xff, 0xe0,
    0x8f, 0xff, 0xfd, 0x63, 0x4b, 0xff, 0xff, 0x60,
    0x8f, 0xff, 0xff, 0xff, 0xff, 0xff, 0xfa, 0x0,
    0x8f, 0xff, 0xaf, 0xff, 0xff, 0xff, 0xa0, 0x0,
    0x8f, 0xff, 0x51, 0x8d, 0xfe, 0xb4, 0x0, 0x0,
    0x8f, 0xff, 0x50, 0x0, 0x0, 0x0, 0x0, 0x0,
    0x8f, 0xff, 0x60, 0x0, 0x0, 0x0, 0x0, 0x0,
    0x8f, 0xff, 0x60, 0x0, 0x0, 0x0, 0x0, 0x0,
    0x8f, 0xff, 0x60, 0x0, 0x0, 0x0, 0x0, 0x0,
    0x8f, 0xff, 0x60, 0x0, 0x0, 0x0, 0x0, 0x0,
    0x8f, 0xff, 0x60, 0x0, 0x0, 0x0, 0x0, 0x0,
    0x8f, 0xff, 0x60, 0x0, 0x0, 0x0, 0x0, 0x0,

    /* U+0071 "q" */
    0x0, 0x0, 0x3a, 0xef, 0xeb, 0x50, 0x7f, 0xfb,
    0x0, 0x8, 0xff, 0xff, 0xff, 0xfb, 0xbf, 0xfb,
    0x0, 0x8f, 0xff, 0xff, 0xff, 0xff, 0xff, 0xfb,
    0x4, 0xff, 0xff, 0xc5, 0x35, 0xbf, 0xff, 0xfb,
    0xc, 0xff, 0xfb, 0x0, 0x0, 0x6, 0xff, 0xfb,
    0x2f, 0xff, 0xf2, 0x0, 0x0, 0x3, 0xff, 0xfb,
    0x5f, 0xff, 0xc0, 0x0, 0x0, 0x3, 0xff, 0xfb,
    0x7f, 0xff, 0x90, 0x0, 0x0, 0x3, 0xff, 0xfb,
    0x8f, 0xff, 0x80, 0x0, 0x0, 0x3, 0xff, 0xfb,
    0x7f, 0xff, 0x90, 0x0, 0x0, 0x3, 0xff, 0xfb,
    0x6f, 0xff, 0xb0, 0x0, 0x0, 0x3, 0xff, 0xfb,
    0x3f, 0xff, 0xf0, 0x0, 0x0, 0x3, 0xff, 0xfb,
    0xe, 0xff, 0xf9, 0x0, 0x0, 0xb, 0xff, 0xfb,
    0x7, 0xff, 0xff, 0xa4, 0x36, 0xdf, 0xff, 0xfb,
    0x0, 0xdf, 0xff, 0xff, 0xff, 0xff, 0xff, 0xfb,
    0x0, 0x1c, 0xff, 0xff, 0xff, 0xe6, 0xff, 0xfb,
    0x0, 0x0, 0x6c, 0xff, 0xd8, 0x12, 0xff, 0xfb,
    0x0, 0x0, 0x0, 0x0, 0x0, 0x3, 0xff, 0xfb,
    0x0, 0x0, 0x0, 0x0, 0x0, 0x3, 0xff, 0xfb,
    0x0, 0x0, 0x0, 0x0, 0x0, 0x3, 0xff, 0xfb,
    0x0, 0x0, 0x0, 0x0, 0x0, 0x3, 0xff, 0xfb,
    0x0, 0x0, 0x0, 0x0, 0x0, 0x3, 0xff, 0xfb,
    0x0, 0x0, 0x0, 0x0, 0x0, 0x3, 0xff, 0xfb,
    0x0, 0x0, 0x0, 0x0, 0x0, 0x3, 0xff, 0xfb,

    /* U+0072 "r" */
    0x8f, 0xfc, 0x0, 0x4c, 0xff, 0xa8, 0xff, 0xd0,
    0x8f, 0xff, 0xf6, 0x8f, 0xfe, 0x5f, 0xff, 0xff,
    0x38, 0xff, 0xfe, 0xff, 0x97, 0x80, 0x8f, 0xff,
    0xfd, 0x10, 0x0, 0x8, 0xff, 0xff, 0x20, 0x0,
    0x0, 0x8f, 0xff, 0x80, 0x0, 0x0, 0x8, 0xff,
    0xf6, 0x0, 0x0, 0x0, 0x8f, 0xff, 0x60, 0x0,
    0x0, 0x8, 0xff, 0xf6, 0x0, 0x0, 0x0, 0x8f,
    0xff, 0x60, 0x0, 0x0, 0x8, 0xff, 0xf6, 0x0,
    0x0, 0x0, 0x8f, 0xff, 0x60, 0x0, 0x0, 0x8,
    0xff, 0xf6, 0x0, 0x0, 0x0, 0x8f, 0xff, 0x60,
    0x0, 0x0, 0x8, 0xff, 0xf6, 0x0, 0x0, 0x0,
    0x8f, 0xff, 0x60, 0x0, 0x0, 0x0,

    /* U+0073 "s" */
    0x0, 0x0, 0x5b, 0xef, 0xfd, 0x93, 0x0, 0x0,
    0xb, 0xff, 0xff, 0xff, 0xff, 0xa0, 0x0, 0x9f,
    0xff, 0xff, 0xff, 0xff, 0xe1, 0x0, 0xff, 0xfe,
    0x30, 0x2, 0x8e, 0x30, 0x3, 0xff, 0xf7, 0x0,
    0x0, 0x0, 0x0, 0x2, 0xff, 0xfb, 0x0, 0x0,
    0x0, 0x0, 0x0, 0xdf, 0xff, 0xc5, 0x0, 0x0,
    0x0, 0x0, 0x3f, 0xff, 0xff, 0xfa, 0x30, 0x0,
    0x0, 0x2, 0xbf, 0xff, 0xff, 0xfa, 0x10, 0x0,
    0x0, 0x3, 0x9e, 0xff, 0xff, 0xc0, 0x0, 0x0,
    0x0, 0x0, 0x6e, 0xff, 0xf6, 0x0, 0x0, 0x0,
    0x0, 0x4, 0xff, 0xf9, 0x0, 0x50, 0x0, 0x0,
    0x2, 0xff, 0xf9, 0x5, 0xfe, 0x72, 0x0, 0x1b,
    0xff, 0xf6, 0xe, 0xff, 0xff, 0xff, 0xff, 0xff,
    0xd0, 0x2, 0xcf, 0xff, 0xff, 0xff, 0xfd, 0x20,
    0x0, 0x4, 0x9d, 0xff, 0xeb, 0x60, 0x0,

    /* U+0074 "t" */
    0x0, 0x5, 0xff, 0xf0, 0x0, 0x0, 0x0, 0x6,
    0xff, 0xf0, 0x0, 0x0, 0x0, 0x8, 0xff, 0xf0,
    0x0, 0x0, 0x0, 0x9, 0xff, 0xf0, 0x0, 0x0,
    0x0, 0xb, 0xff, 0xf0, 0x0, 0x0, 0x5f, 0xff,
    0xff, 0xff, 0xff, 0xf4, 0x5f, 0xff, 0xff, 0xff,
    0xff, 0xf4, 0x4f, 0xff, 0xff, 0xff, 0xff, 0xf3,
    0x0, 0xf, 0xff, 0xf0, 0x0, 0x0, 0x0, 0xf,
    0xff, 0xf0, 0x0, 0x0, 0x0, 0xf, 0xff, 0xf0,
    0x0, 0x0, 0x0, 0xf, 0xff, 0xf0, 0x0, 0x0,
    0x0, 0xf, 0xff, 0xf0, 0x0, 0x0, 0x0, 0xf,
    0xff, 0xf0, 0x0, 0x0, 0x0, 0xf, 0xff, 0xf0,
    0x0, 0x0, 0x0, 0xf, 0xff, 0xf0, 0x0, 0x0,
    0x0, 0xe, 0xff, 0xf0, 0x0, 0x0, 0x0, 0xd,
    0xff, 0xf4, 0x0, 0x0, 0x0, 0x9, 0xff, 0xfd,
    0x42, 0x40, 0x0, 0x3, 0xff, 0xff, 0xff, 0xf5,
    0x0, 0x0, 0x8f, 0xff, 0xff, 0xf9, 0x0, 0x0,
    0x5, 0xcf, 0xfe, 0xb5,

    /* U+0075 "u" */
    0xbf, 0xff, 0x30, 0x0, 0x0, 0x7f, 0xff, 0x6b,
    0xff, 0xf3, 0x0, 0x0, 0x7, 0xff, 0xf6, 0xbf,
    0xff, 0x30, 0x0, 0x0, 0x7f, 0xff, 0x6b, 0xff,
    0xf3, 0x0, 0x0, 0x7, 0xff, 0xf6, 0xbf, 0xff,
    0x30, 0x0, 0x0, 0x7f, 0xff, 0x6b, 0xff, 0xf3,
    0x0, 0x0, 0x7, 0xff, 0xf6, 0xbf, 0xff, 0x30,
    0x0, 0x0, 0x7f, 0xff, 0x6b, 0xff, 0xf3, 0x0,
    0x0, 0x7, 0xff, 0xf6, 0xbf, 0xff, 0x30, 0x0,
    0x0, 0x7f, 0xff, 0x6b, 0xff, 0xf3, 0x0, 0x0,
    0x7, 0xff, 0xf6, 0xaf, 0xff, 0x30, 0x0, 0x0,
    0x7f, 0xff, 0x6a, 0xff, 0xf5, 0x0, 0x0, 0xa,
    0xff, 0xf6, 0x8f, 0xff, 0xa0, 0x0, 0x8, 0xff,
    0xff, 0x64, 0xff, 0xff, 0xa5, 0x6c, 0xff, 0xff,
    0xf6, 0xe, 0xff, 0xff, 0xff, 0xff, 0x9f, 0xff,
    0x60, 0x4f, 0xff, 0xff, 0xff, 0x70, 0xff, 0xf6,
    0x0, 0x3b, 0xef, 0xea, 0x30, 0xd, 0xff, 0x60,

    /* U+0076 "v" */
    0x6f, 0xff, 0x80, 0x0, 0x0, 0x0, 0x8f, 0xff,
    0x41, 0xff, 0xfd, 0x0, 0x0, 0x0, 0xc, 0xff,
    0xe0, 0xb, 0xff, 0xf2, 0x0, 0x0, 0x1, 0xff,
    0xf9, 0x0, 0x6f, 0xff, 0x70, 0x0, 0x0, 0x6f,
    0xff, 0x40, 0x1, 0xff, 0xfb, 0x0, 0x0, 0xb,
    0xff, 0xe0, 0x0, 0xb, 0xff, 0xf0, 0x0, 0x0,
    0xff, 0xf9, 0x0, 0x0, 0x5f, 0xff, 0x50, 0x0,
    0x4f, 0xff, 0x40, 0x0, 0x0, 0xff, 0xfa, 0x0,
    0x9, 0xff, 0xe0, 0x0, 0x0, 0xb, 0xff, 0xe0,
    0x0, 0xef, 0xf9, 0x0, 0x0, 0x0, 0x5f, 0xff,
    0x30, 0x3f, 0xff, 0x40, 0x0, 0x0, 0x0, 0xff,
    0xf8, 0x7, 0xff, 0xe0, 0x0, 0x0, 0x0, 0xa,
    0xff, 0xc0, 0xcf, 0xf9, 0x0, 0x0, 0x0, 0x0,
    0x5f, 0xff, 0x1f, 0xff, 0x40, 0x0, 0x0, 0x0,
    0x0, 0xff, 0xfa, 0xff, 0xe0, 0x0, 0x0, 0x0,
    0x0, 0xa, 0xff, 0xff, 0xf9, 0x0, 0x0, 0x0,
    0x0, 0x0, 0x4f, 0xff, 0xff, 0x40, 0x0, 0x0,
    0x0, 0x0, 0x0, 0xef, 0xff, 0xe0, 0x0, 0x0,
    0x0,

    /* U+0077 "w" */
    0x1f, 0xff, 0xe0, 0x0, 0x0, 0x5f, 0xff, 0xf0,
    0x0, 0x0, 0x3f, 0xff, 0x70, 0xcf, 0xff, 0x20,
    0x0, 0x9, 0xff, 0xff, 0x30, 0x0, 0x7, 0xff,
    0xf3, 0x8, 0xff, 0xf6, 0x0, 0x0, 0xdf, 0xff,
    0xf6, 0x0, 0x0, 0xaf, 0xff, 0x0, 0x4f, 0xff,
    0x90, 0x0, 0x1f, 0xff, 0xff, 0xa0, 0x0, 0xe,
    0xff, 0xb0, 0x0, 0xff, 0xfd, 0x0, 0x4, 0xff,
    0xbf, 0xfe, 0x0, 0x2, 0xff, 0xf7, 0x0, 0xc,
    0xff, 0xf1, 0x0, 0x8f, 0xf7, 0xff, 0xf2, 0x0,
    0x5f, 0xff, 0x30, 0x0, 0x8f, 0xff, 0x40, 0xc,
    0xff, 0x4d, 0xff, 0x60, 0x9, 0xff, 0xf0, 0x0,
    0x3, 0xff, 0xf7, 0x0, 0xff, 0xf1, 0xaf, 0xf9,
    0x0, 0xcf, 0xfb, 0x0, 0x0, 0xf, 0xff, 0xb0,
    0x3f, 0xfe, 0x7, 0xff, 0xd0, 0xf, 0xff, 0x70,
    0x0, 0x0, 0xbf, 0xff, 0x6, 0xff, 0xa0, 0x3f,
    0xff, 0x13, 0xff, 0xf3, 0x0, 0x0, 0x7, 0xff,
    0xf2, 0x9f, 0xf7, 0x0, 0xff, 0xf4, 0x6f, 0xff,
    0x0, 0x0, 0x0, 0x3f, 0xff, 0x5c, 0xff, 0x40,
    0xd, 0xff, 0x89, 0xff, 0xb0, 0x0, 0x0, 0x0,
    0xef, 0xf7, 0xff, 0xf0, 0x0, 0x9f, 0xfb, 0xbf,
    0xf7, 0x0, 0x0, 0x0, 0xa, 0xff, 0xcf, 0xfd,
    0x0, 0x6, 0xff, 0xde, 0xff, 0x30, 0x0, 0x0,
    0x0, 0x6f, 0xff, 0xff, 0x90, 0x0, 0x2f, 0xff,
    0xff, 0xf0, 0x0, 0x0, 0x0, 0x2, 0xff, 0xff,
    0xf6, 0x0, 0x0, 0xff, 0xff, 0xfb, 0x0, 0x0,
    0x0, 0x0, 0xe, 0xff, 0xff, 0x20, 0x0, 0xb,
    0xff, 0xff, 0x70, 0x0, 0x0,

    /* U+0078 "x" */
    0xd, 0xff, 0xf5, 0x0, 0x0, 0xc, 0xff, 0xf3,
    0x4, 0xff, 0xfd, 0x0, 0x0, 0x4f, 0xff, 0xa0,
    0x0, 0xaf, 0xff, 0x70, 0x0, 0xcf, 0xff, 0x10,
    0x0, 0x1f, 0xff, 0xf1, 0x4, 0xff, 0xf7, 0x0,
    0x0, 0x7, 0xff, 0xf9, 0xb, 0xff, 0xe0, 0x0,
    0x0, 0x0, 0xdf, 0xff, 0x4f, 0xff, 0x50, 0x0,
    0x0, 0x0, 0x3f, 0xff, 0xff, 0xfc, 0x0, 0x0,
    0x0, 0x0, 0x9, 0xff, 0xff, 0xf3, 0x0, 0x0,
    0x0, 0x0, 0x7, 0xff, 0xff, 0xb0, 0x0, 0x0,
    0x0, 0x0, 0x1f, 0xff, 0xff, 0xf2, 0x0, 0x0,
    0x0, 0x0, 0xaf, 0xfe, 0xff, 0xfc, 0x0, 0x0,
    0x0, 0x3, 0xff, 0xf5, 0x9f, 0xff, 0x60, 0x0,
    0x0, 0xd, 0xff, 0xd0, 0x1e, 0xff, 0xf1, 0x0,
    0x0, 0x6f, 0xff, 0x60, 0x7, 0xff, 0xfa, 0x0,
    0x1, 0xff, 0xfd, 0x0, 0x0, 0xdf, 0xff, 0x40,
    0xa, 0xff, 0xf5, 0x0, 0x0, 0x4f, 0xff, 0xe0,
    0x3f, 0xff, 0xd0, 0x0, 0x0, 0xa, 0xff, 0xf9,

    /* U+0079 "y" */
    0x6f, 0xff, 0x90, 0x0, 0x0, 0x0, 0x8f, 0xff,
    0x40, 0xff, 0xfe, 0x0, 0x0, 0x0, 0xd, 0xff,
    0xe0, 0x9, 0xff, 0xf4, 0x0, 0x0, 0x1, 0xff,
    0xf9, 0x0, 0x3f, 0xff, 0x90, 0x0, 0x0, 0x6f,
    0xff, 0x30, 0x0, 0xdf, 0xfe, 0x0, 0x0, 0xb,
    0xff, 0xe0, 0x0, 0x7, 0xff, 0xf4, 0x0, 0x0,
    0xff, 0xf8, 0x0, 0x0, 0x1f, 0xff, 0xa0, 0x0,
    0x5f, 0xff, 0x30, 0x0, 0x0, 0xaf, 0xff, 0x0,
    0x9, 0xff, 0xd0, 0x0, 0x0, 0x4, 0xff, 0xf5,
    0x0, 0xef, 0xf8, 0x0, 0x0, 0x0, 0xe, 0xff,
    0xa0, 0x2f, 0xff, 0x30, 0x0, 0x0, 0x0, 0x8f,
    0xfe, 0x6, 0xff, 0xd0, 0x0, 0x0, 0x0, 0x2,
    0xff, 0xf3, 0xbf, 0xf8, 0x0, 0x0, 0x0, 0x0,
    0xb, 0xff, 0x8f, 0xff, 0x20, 0x0, 0x0, 0x0,
    0x0, 0x5f, 0xff, 0xff, 0xd0, 0x0, 0x0, 0x0,
    0x0, 0x0, 0xef, 0xff, 0xf7, 0x0, 0x0, 0x0,
    0x0, 0x0, 0x9, 0xff, 0xff, 0x20, 0x0, 0x0,
    0x0, 0x0, 0x0, 0x2f, 0xff, 0xc0, 0x0, 0x0,
    0x0, 0x0, 0x0, 0x3, 0xff, 0xf7, 0x0, 0x0,
    0x0, 0x0, 0x0, 0x0, 0x9f, 0xff, 0x10, 0x0,
    0x0, 0x0, 0x0, 0x0, 0x2f, 0xff, 0xa0, 0x0,
    0x0, 0x0, 0x0, 0x32, 0x5e, 0xff, 0xf2, 0x0,
    0x0, 0x0, 0x0, 0xf, 0xff, 0xff, 0xf8, 0x0,
    0x0, 0x0, 0x0, 0x4, 0xff, 0xff, 0xf9, 0x0,
    0x0, 0x0, 0x0, 0x0, 0x5e, 0xfe, 0xb4, 0x0,
    0x0, 0x0, 0x0, 0x0,

    /* U+007A "z" */
    0xf, 0xff, 0xff, 0xff, 0xff, 0xff, 0xf0, 0xf,
    0xff, 0xff, 0xff, 0xff, 0xff, 0xf0, 0xf, 0xff,
    0xff, 0xff, 0xff, 0xff, 0xa0, 0x1, 0x11, 0x11,
    0x15, 0xff, 0xfe, 0x10, 0x0, 0x0, 0x0, 0xd,
    0xff, 0xf5, 0x0, 0x0, 0x0, 0x0, 0x9f, 0xff,
    0xa0, 0x0, 0x0, 0x0, 0x3, 0xff, 0xfe, 0x10,
    0x0, 0x0, 0x0, 0xd, 0xff, 0xf5, 0x0, 0x0,
    0x0, 0x0, 0x9f, 0xff, 0xa0, 0x0, 0x0, 0x0,
    0x3, 0xff, 0xfe, 0x10, 0x0, 0x0, 0x0, 0xd,
    0xff, 0xf5, 0x0, 0x0, 0x0, 0x0, 0x9f, 0xff,
    0xa0, 0x0, 0x0, 0x0, 0x3, 0xff, 0xfe, 0x10,
    0x0, 0x0, 0x0, 0xd, 0xff, 0xf7, 0x11, 0x11,
    0x11, 0x10, 0x9f, 0xff, 0xff, 0xff, 0xff, 0xff,
    0xf3, 0xdf, 0xff, 0xff, 0xff, 0xff, 0xff, 0xf3,
    0xdf, 0xff, 0xff, 0xff, 0xff, 0xff, 0xf3,

    /* U+007B "{" */
    0x0, 0x0, 0x8d, 0xff, 0xb0, 0x0, 0xaf, 0xff,
    0xfb, 0x0, 0xf, 0xff, 0x92, 0x10, 0x3, 0xff,
    0xf0, 0x0, 0x0, 0x4f, 0xfe, 0x0, 0x0, 0x4,
    0xff, 0xe0, 0x0, 0x0, 0x3f, 0xfe, 0x0, 0x0,
    0x2, 0xff, 0xf0, 0x0, 0x0, 0x1f, 0xff, 0x0,
    0x0, 0x0, 0xff, 0xf0, 0x0, 0x0, 0xf, 0xff,
    0x0, 0x0, 0x0, 0xff, 0xf0, 0x0, 0x0, 0x6f,
    0xfd, 0x0, 0x5, 0x9f, 0xff, 0x80, 0x0, 0xef,
    0xff, 0x70, 0x0, 0xe, 0xff, 0xfd, 0x20, 0x0,
    0x3, 0xdf, 0xfb, 0x0, 0x0, 0x3, 0xff, 0xf0,
    0x0, 0x0, 0xf, 0xff, 0x0, 0x0, 0x0, 0xff,
    0xf0, 0x0, 0x0, 0xf, 0xff, 0x0, 0x0, 0x2,
    0xff, 0xf0, 0x0, 0x0, 0x3f, 0xfe, 0x0, 0x0,
    0x4, 0xff, 0xe0, 0x0, 0x0, 0x4f, 0xfe, 0x0,
    0x0, 0x3, 0xff, 0xf0, 0x0, 0x0, 0x1f, 0xff,
    0x92, 0x10, 0x0, 0xaf, 0xff, 0xfb, 0x0, 0x0,
    0x8d, 0xff, 0xb0,

    /* U+007C "|" */
    0xff, 0xaf, 0xfa, 0xff, 0xaf, 0xfa, 0xff, 0xaf,
    0xfa, 0xff, 0xaf, 0xfa, 0xff, 0xaf, 0xfa, 0xff,
    0xaf, 0xfa, 0xff, 0xaf, 0xfa, 0xff, 0xaf, 0xfa,
    0xff, 0xaf, 0xfa, 0xff, 0xaf, 0xfa, 0xff, 0xaf,
    0xfa, 0xff, 0xaf, 0xfa, 0xff, 0xaf, 0xfa, 0xff,
    0xaf, 0xfa, 0xff, 0xaf, 0xfa, 0xff, 0xaf, 0xfa,
    0xff, 0xaf, 0xfa,

    /* U+007D "}" */
    0xbf, 0xfd, 0x80, 0x0, 0xb, 0xff, 0xff, 0xa0,
    0x0, 0x12, 0x9f, 0xff, 0x10, 0x0, 0x0, 0xff,
    0xf3, 0x0, 0x0, 0xe, 0xff, 0x40, 0x0, 0x0,
    0xdf, 0xf4, 0x0, 0x0, 0xe, 0xff, 0x40, 0x0,
    0x0, 0xef, 0xf3, 0x0, 0x0, 0xf, 0xff, 0x10,
    0x0, 0x0, 0xff, 0xf0, 0x0, 0x0, 0xf, 0xff,
    0x0, 0x0, 0x0, 0xff, 0xf0, 0x0, 0x0, 0xd,
    0xff, 0x60, 0x0, 0x0, 0x7f, 0xff, 0x96, 0x0,
    0x0, 0x6f, 0xff, 0xe0, 0x0, 0x2d, 0xff, 0xfe,
    0x0, 0xb, 0xff, 0xd3, 0x0, 0x0, 0xff, 0xf3,
    0x0, 0x0, 0xf, 0xff, 0x0, 0x0, 0x0, 0xff,
    0xf0, 0x0, 0x0, 0xf, 0xff, 0x10, 0x0, 0x0,
    0xff, 0xf2, 0x0, 0x0, 0xe, 0xff, 0x30, 0x0,
    0x0, 0xdf, 0xf4, 0x0, 0x0, 0xd, 0xff, 0x40,
    0x0, 0x0, 0xff, 0xf4, 0x0, 0x12, 0x9f, 0xff,
    0x10, 0xb, 0xff, 0xff, 0xa0, 0x0, 0xbf, 0xfd,
    0x80, 0x0, 0x0,

    /* U+007E "~" */
    0x0, 0x29, 0xdc, 0x60, 0x0, 0x0, 0x0, 0x0,
    0x5, 0xff, 0xff, 0xfc, 0x20, 0x0, 0x2c, 0x20,
    0x3f, 0xff, 0xff, 0xff, 0xf6, 0x3, 0xdf, 0xf1,
    0xaf, 0xf7, 0x2, 0xcf, 0xff, 0xff, 0xff, 0xb0,
    0xa, 0x90, 0x0, 0x9, 0xff, 0xff, 0xfd, 0x10,
    0x0, 0x0, 0x0, 0x0, 0x4c, 0xfe, 0x80, 0x0,

    /* U+00B0 "°" */
    0x0, 0x5c, 0xff, 0xb4, 0x0, 0x8, 0xff, 0xff,
    0xff, 0x60, 0x3f, 0xf7, 0x0, 0x8f, 0xf1, 0x8f,
    0xb0, 0x0, 0xd, 0xf6, 0xaf, 0x80, 0x0, 0xa,
    0xf8, 0x8f, 0xb0, 0x0, 0xd, 0xf6, 0x3f, 0xf7,
    0x1, 0x9f, 0xf1, 0x8, 0xff, 0xff, 0xff, 0x60,
    0x0, 0x5c, 0xff, 0xb4, 0x0
};


/*---------------------
 *  GLYPH DESCRIPTION
 *--------------------*/

static const lv_font_fmt_txt_glyph_dsc_t glyph_dsc[] = {
    {.bitmap_index = 0, .adv_w = 0, .box_w = 0, .box_h = 0, .ofs_x = 0, .ofs_y = 0} /* id = 0 reserved */,
    {.bitmap_index = 0, .adv_w = 109, .box_w = 0, .box_h = 0, .ofs_x = 0, .ofs_y = 0},
    {.bitmap_index = 0, .adv_w = 171, .box_w = 6, .box_h = 23, .ofs_x = 2, .ofs_y = 0},
    {.bitmap_index = 69, .adv_w = 262, .box_w = 12, .box_h = 10, .ofs_x = 2, .ofs_y = 13},
    {.bitmap_index = 129, .adv_w = 279, .box_w = 16, .box_h = 22, .ofs_x = 1, .ofs_y = 0},
    {.bitmap_index = 305, .adv_w = 279, .box_w = 15, .box_h = 30, .ofs_x = 1, .ofs_y = -4},
    {.bitmap_index = 530, .adv_w = 458, .box_w = 27, .box_h = 22, .ofs_x = 1, .ofs_y = 0},
    {.bitmap_index = 827, .adv_w = 348, .box_w = 22, .box_h = 22, .ofs_x = 0, .ofs_y = 0},
    {.bitmap_index = 1069, .adv_w = 150, .box_w = 5, .box_h = 10, .ofs_x = 2, .ofs_y = 13},
    {.bitmap_index = 1094, .adv_w = 176, .box_w = 8, .box_h = 32, .ofs_x = 2, .ofs_y = -7},
    {.bitmap_index = 1222, .adv_w = 176, .box_w = 8, .box_h = 32, .ofs_x = 1, .ofs_y = -7},
    {.bitmap_index = 1350, .adv_w = 238, .box_w = 13, .box_h = 12, .ofs_x = 1, .ofs_y = 12},
    {.bitmap_index = 1428, .adv_w = 279, .box_w = 16, .box_h = 16, .ofs_x = 1, .ofs_y = 3},
    {.bitmap_index = 1556, .adv_w = 150, .box_w = 7, .box_h = 12, .ofs_x = 1, .ofs_y = -7},
    {.bitmap_index = 1598, .adv_w = 175, .box_w = 9, .box_h = 3, .ofs_x = 1, .ofs_y = 7},
    {.bitmap_index = 1612, .adv_w = 150, .box_w = 6, .box_h = 6, .ofs_x = 2, .ofs_y = 0},
    {.bitmap_index = 1630, .adv_w = 187, .box_w = 11, .box_h = 30, .ofs_x = 0, .ofs_y = -6},
    {.bitmap_index = 1795, .adv_w = 279, .box_w = 16, .box_h = 22, .ofs_x = 1, .ofs_y = 0},
    {.bitmap_index = 1971, .adv_w = 279, .box_w = 14, .box_h = 22, .ofs_x = 2, .ofs_y = 0},
    {.bitmap_index = 2125, .adv_w = 279, .box_w = 15, .box_h = 22, .ofs_x = 1, .ofs_y = 0},
    {.bitmap_index = 2290, .adv_w = 279, .box_w = 16, .box_h = 22, .ofs_x = 0, .ofs_y = 0},
    {.bitmap_index = 2466, .adv_w = 279, .box_w = 17, .box_h = 22, .ofs_x = 0, .ofs_y = 0},
    {.bitmap_index = 2653, .adv_w = 279, .box_w = 16, .box_h = 22, .ofs_x = 0, .ofs_y = 0},
    {.bitmap_index = 2829, .adv_w = 279, .box_w = 16, .box_h = 22, .ofs_x = 1, .ofs_y = 0},
    {.bitmap_index = 3005, .adv_w = 279, .box_w = 16, .box_h = 22, .ofs_x = 1, .ofs_y = 0},
    {.bitmap_index = 3181, .adv_w = 279, .box_w = 16, .box_h = 22, .ofs_x = 1, .ofs_y = 0},
    {.bitmap_index = 3357, .adv_w = 279, .box_w = 15, .box_h = 22, .ofs_x = 1, .ofs_y = 0},
    {.bitmap_index = 3522, .adv_w = 150, .box_w = 6, .box_h = 17, .ofs_x = 2, .ofs_y = 0},
    {.bitmap_index = 3573, .adv_w = 150, .box_w = 7, .box_h = 24, .ofs_x = 1, .ofs_y = -7},
    {.bitmap_index = 3657, .adv_w = 279, .box_w = 16, .box_h = 16, .ofs_x = 1, .ofs_y = 3},
    {.bitmap_index = 3785, .adv_w = 279, .box_w = 16, .box_h = 10, .ofs_x = 1, .ofs_y = 7},
    {.bitmap_index = 3865, .adv_w = 279, .box_w = 16, .box_h = 16, .ofs_x = 1, .ofs_y = 3},
    {.bitmap_index = 3993, .adv_w = 242, .box_w = 13, .box_h = 24, .ofs_x = 1, .ofs_y = 0},
    {.bitmap_index = 4149, .adv_w = 476, .box_w = 28, .box_h = 28, .ofs_x = 1, .ofs_y = -6},
    {.bitmap_index = 4541, .adv_w = 304, .box_w = 21, .box_h = 22, .ofs_x = -1, .ofs_y = 0},
    {.bitmap_index = 4772, .adv_w = 325, .box_w = 18, .box_h = 22, .ofs_x = 2, .ofs_y = 0},
    {.bitmap_index = 4970, .adv_w = 313, .box_w = 18, .box_h = 22, .ofs_x = 1, .ofs_y = 0},
    {.bitmap_index = 5168, .adv_w = 340, .box_w = 18, .box_h = 22, .ofs_x = 2, .ofs_y = 0},
    {.bitmap_index = 5366, .adv_w = 293, .box_w = 15, .box_h = 22, .ofs_x = 2, .ofs_y = 0},
    {.bitmap_index = 5531, .adv_w = 277, .box_w = 15, .box_h = 22, .ofs_x = 2, .ofs_y = 0},
    {.bitmap_index = 5696, .adv_w = 342, .box_w = 19, .box_h = 22, .ofs_x = 1, .ofs_y = 0},
    {.bitmap_index = 5905, .adv_w = 361, .box_w = 18, .box_h = 22, .ofs_x = 2, .ofs_y = 0},
    {.bitmap_index = 6103, .adv_w = 153, .box_w = 5, .box_h = 22, .ofs_x = 2, .ofs_y = 0},
    {.bitmap_index = 6158, .adv_w = 269, .box_w = 15, .box_h = 22, .ofs_x = 0, .ofs_y = 0},
    {.bitmap_index = 6323, .adv_w = 325, .box_w = 19, .box_h = 22, .ofs_x = 2, .ofs_y = 0},
    {.bitmap_index = 6532, .adv_w = 273, .box_w = 15, .box_h = 22, .ofs_x = 2, .ofs_y = 0},
    {.bitmap_index = 6697, .adv_w = 405, .box_w = 21, .box_h = 22, .ofs_x = 2, .ofs_y = 0},
    {.bitmap_index = 6928, .adv_w = 357, .box_w = 18, .box_h = 22, .ofs_x = 2, .ofs_y = 0},
    {.bitmap_index = 7126, .adv_w = 367, .box_w = 21, .box_h = 22, .ofs_x = 1, .ofs_y = 0},
    {.bitmap_index = 7357, .adv_w = 317, .box_w = 17, .box_h = 22, .ofs_x = 2, .ofs_y = 0},
    {.bitmap_index = 7544, .adv_w = 367, .box_w = 22, .box_h = 28, .ofs_x = 1, .ofs_y = -6},
    {.bitmap_index = 7852, .adv_w = 322, .box_w = 18, .box_h = 22, .ofs_x = 2, .ofs_y = 0},
    {.bitmap_index = 8050, .adv_w = 296, .box_w = 17, .box_h = 22, .ofs_x = 1, .ofs_y = 0},
    {.bitmap_index = 8237, .adv_w = 297, .box_w = 18, .box_h = 22, .ofs_x = 0, .ofs_y = 0},
    {.bitmap_index = 8435, .adv_w = 356, .box_w = 18, .box_h = 22, .ofs_x = 2, .ofs_y = 0},
    {.bitmap_index = 8633, .adv_w = 292, .box_w = 20, .box_h = 22, .ofs_x = -1, .ofs_y = 0},
    {.bitmap_index = 8853, .adv_w = 435, .box_w = 27, .box_h = 22, .ofs_x = 0, .ofs_y = 0},
    {.bitmap_index = 9150, .adv_w = 294, .box_w = 18, .box_h = 22, .ofs_x = 0, .ofs_y = 0},
    {.bitmap_index = 9348, .adv_w = 273, .box_w = 19, .box_h = 22, .ofs_x = -1, .ofs_y = 0},
    {.bitmap_index = 9557, .adv_w = 294, .box_w = 17, .box_h = 22, .ofs_x = 1, .ofs_y = 0},
    {.bitmap_index = 9744, .adv_w = 176, .box_w = 7, .box_h = 29, .ofs_x = 3, .ofs_y = -5},
    {.bitmap_index = 9846, .adv_w = 187, .box_w = 12, .box_h = 30, .ofs_x = 0, .ofs_y = -6},
    {.bitmap_index = 10026, .adv_w = 176, .box_w = 7, .box_h = 29, .ofs_x = 1, .ofs_y = -5},
    {.bitmap_index = 10128, .adv_w = 279, .box_w = 15, .box_h = 13, .ofs_x = 1, .ofs_y = 9},
    {.bitmap_index = 10226, .adv_w = 272, .box_w = 17, .box_h = 3, .ofs_x = 0, .ofs_y = -4},
    {.bitmap_index = 10252, .adv_w = 299, .box_w = 10, .box_h = 6, .ofs_x = 3, .ofs_y = 19},
    {.bitmap_index = 10282, .adv_w = 281, .box_w = 15, .box_h = 17, .ofs_x = 1, .ofs_y = 0},
    {.bitmap_index = 10410, .adv_w = 306, .box_w = 16, .box_h = 24, .ofs_x = 2, .ofs_y = 0},
    {.bitmap_index = 10602, .adv_w = 251, .box_w = 14, .box_h = 17, .ofs_x = 1, .ofs_y = 0},
    {.bitmap_index = 10721, .adv_w = 307, .box_w = 16, .box_h = 24, .ofs_x = 1, .ofs_y = 0},
    {.bitmap_index = 10913, .adv_w = 276, .box_w = 15, .box_h = 17, .ofs_x = 1, .ofs_y = 0},
    {.bitmap_index = 11041, .adv_w = 172, .box_w = 12, .box_h = 24, .ofs_x = 0, .ofs_y = 0},
    {.bitmap_index = 11185, .adv_w = 283, .box_w = 17, .box_h = 24, .ofs_x = 1, .ofs_y = -7},
    {.bitmap_index = 11389, .adv_w = 304, .box_w = 15, .box_h = 24, .ofs_x = 2, .ofs_y = 0},
    {.bitmap_index = 11569, .adv_w = 143, .box_w = 5, .box_h = 24, .ofs_x = 2, .ofs_y = 0},
    {.bitmap_index = 11629, .adv_w = 143, .box_w = 9, .box_h = 31, .ofs_x = -2, .ofs_y = -7},
    {.bitmap_index = 11769, .adv_w = 284, .box_w = 16, .box_h = 24, .ofs_x = 2, .ofs_y = 0},
    {.bitmap_index = 11961, .adv_w = 147, .box_w = 7, .box_h = 24, .ofs_x = 2, .ofs_y = 0},
    {.bitmap_index = 12045, .adv_w = 459, .box_w = 25, .box_h = 17, .ofs_x = 2, .ofs_y = 0},
    {.bitmap_index = 12258, .adv_w = 305, .box_w = 15, .box_h = 17, .ofs_x = 2, .ofs_y = 0},
    {.bitmap_index = 12386, .adv_w = 299, .box_w = 17, .box_h = 17, .ofs_x = 1, .ofs_y = 0},
    {.bitmap_index = 12531, .adv_w = 307, .box_w = 16, .box_h = 24, .ofs_x = 2, .ofs_y = -7},
    {.bitmap_index = 12723, .adv_w = 307, .box_w = 16, .box_h = 24, .ofs_x = 1, .ofs_y = -7},
    {.bitmap_index = 12915, .adv_w = 203, .box_w = 11, .box_h = 17, .ofs_x = 2, .ofs_y = 0},
    {.bitmap_index = 13009, .adv_w = 234, .box_w = 14, .box_h = 17, .ofs_x = 0, .ofs_y = 0},
    {.bitmap_index = 13128, .adv_w = 196, .box_w = 12, .box_h = 22, .ofs_x = 0, .ofs_y = 0},
    {.bitmap_index = 13260, .adv_w = 302, .box_w = 15, .box_h = 17, .ofs_x = 2, .ofs_y = 0},
    {.bitmap_index = 13388, .adv_w = 269, .box_w = 17, .box_h = 17, .ofs_x = 0, .ofs_y = 0},
    {.bitmap_index = 13533, .adv_w = 407, .box_w = 25, .box_h = 17, .ofs_x = 0, .ofs_y = 0},
    {.bitmap_index = 13746, .adv_w = 262, .box_w = 16, .box_h = 17, .ofs_x = 0, .ofs_y = 0},
    {.bitmap_index = 13882, .adv_w = 269, .box_w = 17, .box_h = 24, .ofs_x = 0, .ofs_y = -7},
    {.bitmap_index = 14086, .adv_w = 241, .box_w = 14, .box_h = 17, .ofs_x = 1, .ofs_y = 0},
    {.bitmap_index = 14205, .adv_w = 176, .box_w = 9, .box_h = 29, .ofs_x = 1, .ofs_y = -5},
    {.bitmap_index = 14336, .adv_w = 139, .box_w = 3, .box_h = 34, .ofs_x = 3, .ofs_y = -8},
    {.bitmap_index = 14387, .adv_w = 176, .box_w = 9, .box_h = 29, .ofs_x = 1, .ofs_y = -5},
    {.bitmap_index = 14518, .adv_w = 279, .box_w = 16, .box_h = 6, .ofs_x = 1, .ofs_y = 8},
    {.bitmap_index = 14566, .adv_w = 189, .box_w = 10, .box_h = 9, .ofs_x = 1, .ofs_y = 14}
};

/*---------------------
 *  CHARACTER MAPPING
 *--------------------*/



/*Collect the unicode lists and glyph_id offsets*/
static const lv_font_fmt_txt_cmap_t cmaps[] =
{
    {
        .range_start = 32, .range_length = 95, .glyph_id_start = 1,
        .unicode_list = NULL, .glyph_id_ofs_list = NULL, .list_length = 0, .type = LV_FONT_FMT_TXT_CMAP_FORMAT0_TINY
    },
    {
        .range_start = 176, .range_length = 1, .glyph_id_start = 96,
        .unicode_list = NULL, .glyph_id_ofs_list = NULL, .list_length = 0, .type = LV_FONT_FMT_TXT_CMAP_FORMAT0_TINY
    }
};



/*--------------------
 *  ALL CUSTOM DATA
 *--------------------*/

#if LVGL_VERSION_MAJOR == 8
/*Store all the custom data of the font*/
static  lv_font_fmt_txt_glyph_cache_t cache;
#endif

#if LVGL_VERSION_MAJOR >= 8
static const lv_font_fmt_txt_dsc_t font_dsc = {
#else
static lv_font_fmt_txt_dsc_t font_dsc = {
#endif
    .glyph_bitmap = glyph_bitmap,
    .glyph_dsc = glyph_dsc,
    .cmaps = cmaps,
    .kern_dsc = NULL,
    .kern_scale = 0,
    .cmap_num = 2,
    .bpp = 4,
    .kern_classes = 0,
    .bitmap_format = 0,
#if LVGL_VERSION_MAJOR == 8
    .cache = &cache
#endif
};



/*-----------------
 *  PUBLIC FONT
 *----------------*/

/*Initialize a public general font descriptor*/
#if LVGL_VERSION_MAJOR >= 8
const lv_font_t ui_font_sans34 = {
#else
lv_font_t ui_font_sans34 = {
#endif
    .get_glyph_dsc = lv_font_get_glyph_dsc_fmt_txt,    /*Function pointer to get glyph's data*/
    .get_glyph_bitmap = lv_font_get_bitmap_fmt_txt,    /*Function pointer to get glyph's bitmap*/
    .line_height = 34,          /*The maximum line height required by the font*/
    .base_line = 8,             /*Baseline measured from the bottom of the line*/
#if !(LVGL_VERSION_MAJOR == 6 && LVGL_VERSION_MINOR == 0)
    .subpx = LV_FONT_SUBPX_NONE,
#endif
#if LV_VERSION_CHECK(7, 4, 0) || LVGL_VERSION_MAJOR >= 8
    .underline_position = -2,
    .underline_thickness = 2,
#endif
    .dsc = &font_dsc,          /*The custom font data. Will be accessed by `get_glyph_bitmap/dsc` */
#if LV_VERSION_CHECK(8, 2, 0) || LVGL_VERSION_MAJOR >= 9
    .fallback = NULL,
#endif
    .user_data = NULL,
};



#endif /*#if UI_FONT_SANS34*/

